Complexity,Loss,Equation
1,1.2133036,"U2"
3,0.141875,"U3 - U3"
5,0.022827392,"R / (R + R)"
7,0.0069543743,"R / (R + (R + R))"
9,0.006684425,"R / (R + ((R + R) + U2))"
11,0.0023845274,"((((U3 + R) + U1) + R) / R) / R"
13,0.00091309554,"(((((U1 + R) + U1) + U3) + U3) / R) / R"
14,0.00074008317,"0.025133204 * (U1 + U3)"
15,0.0005976912,"(R + ((U1 + U3) + U3)) / ((R * R) - (U1 + U1))"
16,2.6899117e-16,"((U1 + U2) + U3) * 0.025"
17,2.351558e-16,"((((U3 + U1) + U2) / (R + ((R + R) + R))) - U2) + U2"
