Complexity,Loss,Equation
3,204.28474,"U2 * U3"
5,0.1180625,"(U1 / R) * U2"
16,0.06056247,"((U1 - -0.18247873) / R) * U3"
18,0.0069513945,"R * (((U1 * U3) - -0.33333498) / R)"
20,0.0049435184,"(U1 + U3) * (((U1 * U3) - -0.26271102) / R)"
