Time_s,InductorCurrent_A,CapacitorVoltage_V,SwitchState,Vin_V,L_H,C_F,R_Ohm
0.0,0.0,0.0,1,24,0.001,0.00047,10
1e-06,0.024,0.0,1,24,0.001,0.00047,10
2e-06,0.048,5.1063829787234e-05,1,24,0.001,0.00047,10
3e-06,0.0719999489361702,0.000153180624717,1,24,0.001,0.00047,10
4e-06,0.0959997957555455,0.00030633941381,1,24,0.001,0.00047,10
5e-06,0.119999489416132,0.0005105291197976,1,24,0.001,0.00047,10
6e-06,0.143998978887012,0.0007657385591681,1,24,0.001,0.00047,10
7e-06,0.167998213148453,0.001071956442213,1,24,0.001,0.00047,10
8e-06,0.191997141192011,0.0014291713730731,1,24,0.001,0.00047,10
9e-06,0.215995712020637,0.0018373718497852,1,24,0.001,0.00047,10
1e-05,0.239993874648788,0.0022965462643292,1,24,0.001,0.00047,10
1.1e-05,0.263991578102523,0.0028066829026746,1,24,0.001,0.00047,10
1.2e-05,0.287988771419621,0.0033677699448283,1,24,0.001,0.00047,10
1.3e-05,0.311985403649676,0.0039797954648818,1,24,0.001,0.00047,10
1.4e-05,0.335981423854211,0.0046427474310588,1,24,0.001,0.00047,10
1.5e-05,0.35997678110678,0.0053566137057633,1,24,0.001,0.00047,10
1.6e-05,0.383971424493074,0.0061213820456275,1,24,0.001,0.00047,10
1.7e-05,0.407965303111029,0.0069370401015606,1,24,0.001,0.00047,10
1.8e-05,0.431958366070927,0.0078035754187965,1,24,0.001,0.00047,10
1.9e-05,0.455950562495508,0.0087209754369434,1,24,0.001,0.00047,10
2e-05,0.479941841520071,0.0096892274900323,1,24,0.001,0.00047,10
2.1e-05,0.503932152292581,0.0107083188065666,1,24,0.001,0.00047,10
2.2e-05,0.527921443973775,0.0117782365095707,1,24,0.001,0.00047,10
2.3e-05,0.551909665737265,0.0128989676166405,1,24,0.001,0.00047,10
2.4e-05,0.575896766769649,0.0140704990399928,1,24,0.001,0.00047,10
2.5e-05,0.599882696270609,0.0152928175865155,1,24,0.001,0.00047,10
2.6e-05,0.623867403453022,0.0165659099578175,1,24,0.001,0.00047,10
2.7e-05,0.647850837543064,0.0178897627502797,1,24,0.001,0.00047,10
2.8e-05,0.671832947780314,0.0192643624551053,1,24,0.001,0.00047,10
2.9e-05,0.695813683417859,0.0206896954583709,1,24,0.001,0.00047,10
3e-05,0.7197929937224,0.0221657480410773,1,24,0.001,0.00047,10
3.1e-05,0.743770827974359,0.0236925063792013,1,24,0.001,0.00047,10
3.2e-05,0.76774713546798,0.0252699565437469,1,24,0.001,0.00047,10
3.3e-05,0.791721865511436,0.0268980845007972,1,24,0.001,0.00047,10
3.4e-05,0.815694967426936,0.028576876111566,1,24,0.001,0.00047,10
3.5e-05,0.839666390550824,0.0303063171324507,1,24,0.001,0.00047,10
3.6e-05,0.863636084233692,0.0320863932150838,1,24,0.001,0.00047,10
3.7e-05,0.887603997840476,0.0339170899063863,1,24,0.001,0.00047,10
3.8e-05,0.91157008075057,0.03579839264862,1,24,0.001,0.00047,10
3.9e-05,0.935534282357921,0.0377302867794407,1,24,0.001,0.00047,10
4e-05,0.959496552071142,0.0397127575319513,1,24,0.001,0.00047,10
4.1e-05,0.98345683931361,0.0417457900347554,1,24,0.001,0.00047,10
4.2e-05,1.00741509352358,0.043829369312011,1,24,0.001,0.00047,10
4.3e-05,1.03137126415426,0.0459634802834841,1,24,0.001,0.00047,10
4.4e-05,1.05532530067398,0.0481481077646031,1,24,0.001,0.00047,10
4.5e-05,1.07927715256622,0.0503832364665127,1,24,0.001,0.00047,10
4.6e-05,1.10322676932975,0.0526688509961288,1,24,0.001,0.00047,10
4.7e-05,1.12717410047875,0.0550049358561929,1,24,0.001,0.00047,10
4.8e-05,1.1511190955429,0.0573914754453273,1,24,0.001,0.00047,10
4.9e-05,1.17506170406745,0.0598284540580897,1,24,0.001,0.00047,10
5e-05,1.19900187561339,0.0623158558850294,1,24,0.001,0.00047,10
5.1e-05,1.22293955975751,0.0648536650127419,1,24,0.001,0.00047,10
5.2e-05,1.2468747060925,0.0674418654239254,1,24,0.001,0.00047,10
5.3e-05,1.27080726422707,0.0700804409974363,1,24,0.001,0.00047,10
5.4e-05,1.29473718378607,0.0727693755083455,1,24,0.001,0.00047,10
5.5e-05,1.31866441441057,0.0755086526279949,1,24,0.001,0.00047,10
5.6e-05,1.34258890575794,0.078298255924054,1,24,0.001,0.00047,10
5.7e-05,1.36651060750201,0.0811381688605764,1,24,0.001,0.00047,10
5.8e-05,1.39042946933315,0.0840283747980572,1,24,0.001,0.00047,10
5.9e-05,1.41434544095836,0.0869688569934898,1,24,0.001,0.00047,10
6e-05,1.43825847210136,0.0899595986004239,1,24,0.001,0.00047,10
6.1e-05,1.46216851250276,0.0930005826690224,1,24,0.001,0.00047,10
6.2e-05,1.48607551192009,0.09609179214612,1,24,0.001,0.00047,10
6.3e-05,1.50997942012795,0.0992332098752806,1,24,0.001,0.00047,10
6.4e-05,1.53388018691807,0.102424818596856,1,24,0.001,0.00047,10
6.5e-05,1.55777776209947,0.105666600948044,1,24,0.001,0.00047,10
6.6e-05,1.58167209549853,0.108958539462948,1,24,0.001,0.00047,10
6.7e-05,1.60556313695906,0.112300616572633,1,24,0.001,0.00047,10
6.8e-05,1.62945083634249,0.11569281460519,1,24,0.001,0.00047,10
6.9e-05,1.65333514352789,0.11913511578579,1,24,0.001,0.00047,10
7e-05,1.6772160084121,0.122627502236746,1,24,0.001,0.00047,10
7.1e-05,1.70109338090986,0.126169955977572,1,24,0.001,0.00047,10
7.2e-05,1.72496721095389,0.129762458925045,1,24,0.001,0.00047,10
7.3e-05,1.74883744849496,0.133404992893261,1,24,0.001,0.00047,10
7.4e-05,1.77270404350207,0.137097539593698,1,24,0.001,0.00047,10
7.5e-05,1.79656694596247,0.140840080635279,1,24,0.001,0.00047,10
7.6e-05,1.82042610588184,0.144632597524425,1,24,0.001,0.00047,10
7.7e-05,1.84428147328431,0.148475071665126,1,24,0.001,0.00047,10
7.8e-05,1.86813299821265,0.152367484358994,1,24,0.001,0.00047,10
7.9e-05,1.89198063072829,0.156309816805327,1,24,0.001,0.00047,10
8e-05,1.91582432091148,0.160302050101174,1,24,0.001,0.00047,10
8.1e-05,1.93966401886138,0.164344165241389,1,24,0.001,0.00047,10
8.2e-05,1.96349967469614,0.168436143118703,1,24,0.001,0.00047,10
8.3e-05,1.98733123855302,0.172577964523775,1,24,0.001,0.00047,10
8.4e-05,2.0111586605885,0.176769610145266,1,24,0.001,0.00047,10
8.5e-05,2.03498189097835,0.181011060569892,1,24,0.001,0.00047,10
8.6e-05,2.05880087991778,0.18530229628249,1,24,0.001,0.00047,10
8.7e-05,2.0826155776215,0.189643297666085,1,24,0.001,0.00047,10
8.8e-05,2.10642593432384,0.194034045001947,1,24,0.001,0.00047,10
8.9e-05,2.13023190027883,0.198474518469656,1,24,0.001,0.00047,10
9e-05,2.15403342576036,0.202964698147171,1,24,0.001,0.00047,10
9.1e-05,2.17783046106222,0.207504564010885,1,24,0.001,0.00047,10
9.2e-05,2.20162295649821,0.212094095935696,1,24,0.001,0.00047,10
9.3e-05,2.22541086240227,0.216733273695068,1,24,0.001,0.00047,10
9.4e-05,2.24919412912858,0.221422076961095,1,24,0.001,0.00047,10
9.5e-05,2.27297270705161,0.226160485304568,1,24,0.001,0.00047,10
9.6e-05,2.29674654656631,0.230948478195039,1,24,0.001,0.00047,10
9.7e-05,2.32051559808811,0.235786035000883,1,24,0.001,0.00047,10
9.8e-05,2.34427981205311,0.240673134989368,1,24,0.001,0.00047,10
9.9e-05,2.36803913891812,0.245609757326717,1,24,0.001,0.00047,10
0.0001,2.3917935291608,0.250595881078176,1,24,0.001,0.00047,10
0.000101,2.41554293327972,0.255631485208076,1,24,0.001,0.00047,10
0.000102,2.43928730179451,0.260716548579903,1,24,0.001,0.00047,10
0.000103,2.46302658524593,0.265851049956364,1,24,0.001,0.00047,10
0.000104,2.48676073419597,0.27103496799945,1,24,0.001,0.00047,10
0.000105,2.51048969922797,0.276268281270505,1,24,0.001,0.00047,10
0.000106,2.5342134309467,0.281550968230294,1,24,0.001,0.00047,10
0.000107,2.55793187997847,0.286883007239068,1,24,0.001,0.00047,10
0.000108,2.58164499697124,0.292264376556631,1,24,0.001,0.00047,10
0.000109,2.60535273259468,0.297695054342409,1,24,0.001,0.00047,10
0.00011,2.62905503754034,0.303175018655516,1,24,0.001,0.00047,10
0.000111,2.65275186252168,0.308704247454824,1,24,0.001,0.00047,10
0.000112,2.67644315827423,0.314282718599029,1,24,0.001,0.00047,10
0.000113,2.70012887555563,0.319910409846719,1,24,0.001,0.00047,10
0.000114,2.72380896514578,0.325587298856444,1,24,0.001,0.00047,10
0.000115,2.74748337784692,0.331313363186785,1,24,0.001,0.00047,10
0.000116,2.77115206448374,0.337088580296419,1,24,0.001,0.00047,10
0.000117,2.79481497590344,0.342912927544194,1,24,0.001,0.00047,10
0.000118,2.8184720629759,0.348786382189192,1,24,0.001,0.00047,10
0.000119,2.84212327659371,0.354708921390803,1,24,0.001,0.00047,10
0.00012,2.86576856767232,0.360680522208791,1,24,0.001,0.00047,10
0.000121,2.88940788715011,0.366701161603369,1,24,0.001,0.00047,10
0.000122,2.9130411859885,0.372770816435262,1,24,0.001,0.00047,10
0.000123,2.93666841517207,0.378889463465783,1,24,0.001,0.00047,10
0.000124,2.9602895257086,0.385057079356901,1,24,0.001,0.00047,10
0.000125,2.98390446862925,0.391273640671312,1,24,0.001,0.00047,10
0.000126,3.00751319498857,0.397539123872508,1,24,0.001,0.00047,10
0.000127,3.0311156558647,0.403853505324851,1,24,0.001,0.00047,10
0.000128,3.05471180235938,0.410216761293643,1,24,0.001,0.00047,10
0.000129,3.07830158559808,0.416628867945196,1,24,0.001,0.00047,10
0.00013,3.10188495673014,0.423089801346906,1,24,0.001,0.00047,10
0.000131,3.12546186692879,0.429599537467322,1,24,0.001,0.00047,10
0.000132,3.14903226739132,0.43615805217622,1,24,0.001,0.00047,10
0.000133,3.17259610933915,0.442765321244674,1,24,0.001,0.00047,10
0.000134,3.1961533440179,0.449421320345131,1,24,0.001,0.00047,10
0.000135,3.21970392269756,0.456126025051479,1,24,0.001,0.00047,10
0.000136,3.24324779667251,0.462879410839122,1,24,0.001,0.00047,10
0.000137,3.26678491726167,0.469681453085055,1,24,0.001,0.00047,10
0.000138,3.29031523580858,0.476532127067934,1,24,0.001,0.00047,10
0.000139,3.31383870368151,0.483431407968151,1,24,0.001,0.00047,10
0.00014,3.33735527227355,0.490379270867906,1,24,0.001,0.00047,10
0.000141,3.36086489300268,0.497375690751282,1,24,0.001,0.00047,10
0.000142,3.38436751731193,0.504420642504319,1,24,0.001,0.00047,10
0.000143,3.40786309666942,0.511514100915088,1,24,0.001,0.00047,10
0.000144,3.43135158256851,0.518656040673765,1,24,0.001,0.00047,10
0.000145,3.45483292652783,0.525846436372703,1,24,0.001,0.00047,10
0.000146,3.47830708009146,0.533085262506513,1,24,0.001,0.00047,10
0.000147,3.50177399482895,0.540372493472132,1,24,0.001,0.00047,10
0.000148,3.52523362233548,0.547708103568901,1,24,0.001,0.00047,10
0.000149,3.54868591423191,0.555092066998643,1,24,0.001,0.00047,10
0.00015,3.57213082216492,0.562524357865732,1,24,0.001,0.00047,10
0.000151,3.59556829780705,0.570004950177176,1,24,0.001,0.00047,10
0.000152,3.61899829285687,0.577533817842685,1,24,0.001,0.00047,10
0.000153,3.64242075903903,0.585110934674754,1,24,0.001,0.00047,10
0.000154,3.66583564810435,0.592736274388736,1,24,0.001,0.00047,10
0.000155,3.68924291182997,0.600409810602918,1,24,0.001,0.00047,10
0.000156,3.71264250201936,0.608131516838598,1,24,0.001,0.00047,10
0.000157,3.73603437050252,0.615901366520163,1,24,0.001,0.00047,10
0.000158,3.759418469136,0.623719332975164,1,24,0.001,0.00047,10
0.000159,3.78279474980303,0.631585389434395,1,24,0.001,0.00047,10
0.00016,3.80616316441359,0.639499509031969,1,24,0.001,0.00047,10
0.000161,3.82952366490456,0.647461664805395,1,24,0.001,0.00047,10
0.000162,3.85287620323976,0.655471829695659,1,24,0.001,0.00047,10
0.000163,3.87622073141006,0.663529976547298,1,24,0.001,0.00047,10
0.000164,3.89955720143351,0.671636078108479,1,24,0.001,0.00047,10
0.000165,3.92288556535541,0.679790107031081,1,24,0.001,0.00047,10
0.000166,3.94620577524837,0.687992035870766,1,24,0.001,0.00047,10
0.000167,3.9695177832125,0.696241837087067,1,24,0.001,0.00047,10
0.000168,3.99282154137542,0.704539483043458,1,24,0.001,0.00047,10
0.000169,4.01611700189237,0.712884946007439,1,24,0.001,0.00047,10
0.00017,4.03940411694637,0.721278198150613,1,24,0.001,0.00047,10
0.000171,4.06268283874822,0.729719211548764,1,24,0.001,0.00047,10
0.000172,4.08595311953667,0.738207958181942,1,24,0.001,0.00047,10
0.000173,4.10921491157848,0.746744409934534,1,24,0.001,0.00047,10
0.000174,4.13246816716855,0.755328538595354,1,24,0.001,0.00047,10
0.000175,4.15571283862995,0.763960315857713,1,24,0.001,0.00047,10
0.000176,4.1789488783141,0.772639713319509,1,24,0.001,0.00047,10
0.000177,4.20217623860078,0.781366702483301,1,24,0.001,0.00047,10
0.000178,4.22539487189829,0.790141254756391,1,24,0.001,0.00047,10
0.000179,4.24860473064354,0.798963341450908,1,24,0.001,0.00047,10
0.00018,4.27180576730209,0.807832933783883,1,24,0.001,0.00047,10
0.000181,4.2949979343683,0.816750002877338,1,24,0.001,0.00047,10
0.000182,4.31818118436543,0.82571451975836,1,24,0.001,0.00047,10
0.000183,4.34135546984567,0.834726455359189,1,24,0.001,0.00047,10
0.000184,4.36452074339031,0.843785780517295,1,24,0.001,0.00047,10
0.000185,4.38767695760979,0.852892465975462,1,24,0.001,0.00047,10
0.000186,4.41082406514381,0.862046482381871,1,24,0.001,0.00047,10
0.000187,4.43396201866143,0.871247800290181,1,24,0.001,0.00047,10
0.000188,4.45709077086114,0.880496390159612,1,24,0.001,0.00047,10
0.000189,4.48021027447098,0.889792222355027,1,24,0.001,0.00047,10
0.00019,4.50332048224863,0.899135267147017,1,24,0.001,0.00047,10
0.000191,4.52642134698148,0.908525494711983,1,24,0.001,0.00047,10
0.000192,4.54951282148677,0.917962875132218,1,24,0.001,0.00047,10
0.000193,4.57259485861164,0.927447378395991,1,24,0.001,0.00047,10
0.000194,4.59566741123324,0.936978974397634,1,24,0.001,0.00047,10
0.000195,4.61873043225884,0.94655763293762,1,24,0.001,0.00047,10
0.000196,4.6417838746259,0.956183323722652,1,24,0.001,0.00047,10
0.000197,4.66482769130218,0.965856016365745,1,24,0.001,0.00047,10
0.000198,4.68786183528581,0.97557568038631,1,24,0.001,0.00047,10
0.000199,4.71088625960543,0.98534228521024,1,24,0.001,0.00047,10
0.0002,4.73390091732022,0.995155800169994,1,24,0.001,0.00047,10
0.000201,4.75690576152005,1.00501619450468,1,24,0.001,0.00047,10
0.000202,4.77990074532554,1.01492343736015,1,24,0.001,0.00047,10
0.000203,4.80288582188818,1.02487749778906,1,24,0.001,0.00047,10
0.000204,4.82586094439039,1.034878344751,1,24,0.001,0.00047,10
0.000205,4.84882606604564,1.04492594711252,1,24,0.001,0.00047,10
0.000206,4.87178114009853,1.05502027364727,1,24,0.001,0.00047,10
0.000207,4.89472611982488,1.06516129303607,1,24,0.001,0.00047,10
0.000208,4.91766095853185,1.07534897386697,1,24,0.001,0.00047,10
0.000209,4.94058560955798,1.08558328463536,1,24,0.001,0.00047,10
0.00021,4.96350002627335,1.09586419374407,1,24,0.001,0.00047,10
0.000211,4.9864041620796,1.10619166950343,1,24,0.001,0.00047,10
0.000212,5.0092979704101,1.11656568013136,1,24,0.001,0.00047,10
0.000213,5.03218140472997,1.12698619375349,1,24,0.001,0.00047,10
0.000214,5.05505441853621,1.13745317840318,1,24,0.001,0.00047,10
0.000215,5.07791696535781,1.14796660202168,1,24,0.001,0.00047,10
0.000216,5.10076899875579,1.15852643245818,1,24,0.001,0.00047,10
0.000217,5.12361047232333,1.1691326374699,1,24,0.001,0.00047,10
0.000218,5.14644133968586,1.17978518472219,1,24,0.001,0.00047,10
0.000219,5.16926155450114,1.19048404178861,1,24,0.001,0.00047,10
0.00022,5.19207107045935,1.20122917615099,1,24,0.001,0.00047,10
0.000221,5.2148698412832,1.2120205551996,1,24,0.001,0.00047,10
0.000222,5.237657820728,1.22285814623314,1,24,0.001,0.00047,10
0.000223,5.26043496258176,1.23374191645889,1,24,0.001,0.00047,10
0.000224,5.28320122066531,1.2446718329928,1,24,0.001,0.00047,10
0.000225,5.30595654883231,1.25564786285953,1,24,0.001,0.00047,10
0.000226,5.32870090096945,1.26666997299261,1,24,0.001,0.00047,10
0.000227,5.35143423099646,1.27773813023446,1,24,0.001,0.00047,10
0.000228,5.37415649286623,1.28885230133653,1,24,0.001,0.00047,10
0.000229,5.39686764056489,1.30001245295937,1,24,0.001,0.00047,10
0.00023,5.41956762811193,1.31121855167271,1,24,0.001,0.00047,10
0.000231,5.44225640956026,1.32247056395557,1,24,0.001,0.00047,10
0.000232,5.4649339389963,1.33376845619634,1,24,0.001,0.00047,10
0.000233,5.48760017054011,1.34511219469289,1,24,0.001,0.00047,10
0.000234,5.51025505834541,1.35650174565261,1,24,0.001,0.00047,10
0.000235,5.53289855659976,1.36793707519257,1,24,0.001,0.00047,10
0.000236,5.55553061952457,1.37941814933955,1,24,0.001,0.00047,10
0.000237,5.57815120137523,1.39094493403017,1,24,0.001,0.00047,10
0.000238,5.6007602564412,1.40251739511096,1,24,0.001,0.00047,10
0.000239,5.62335773904609,1.41413549833847,1,24,0.001,0.00047,10
0.00024,5.64594360354775,1.42579920937935,1,24,0.001,0.00047,10
0.000241,5.66851780433837,1.43750849381043,1,24,0.001,0.00047,10
0.000242,5.69108029584456,1.44926331711885,1,24,0.001,0.00047,10
0.000243,5.71363103252744,1.46106364470212,1,24,0.001,0.00047,10
0.000244,5.73616996888274,1.47290944186819,1,24,0.001,0.00047,10
0.000245,5.75869705944087,1.48480067383563,1,24,0.001,0.00047,10
0.000246,5.78121225876703,1.49673730573363,1,24,0.001,0.00047,10
0.000247,5.8037155214613,1.50871930260212,1,24,0.001,0.00047,10
0.000248,5.8262068021587,1.52074662939191,1,24,0.001,0.00047,10
0.000249,5.84868605552931,1.53281925096472,1,24,0.001,0.00047,10
0.00025,5.87115323627834,1.5449371320933,1,24,0.001,0.00047,10
0.000251,5.89360829914625,1.55710023746153,1,24,0.001,0.00047,10
0.000252,5.91605119890878,1.56930853166451,1,24,0.001,0.00047,10
0.000253,5.93848189037712,1.58156197920865,1,24,0.001,0.00047,10
0.000254,5.96090032839791,1.59386054451174,1,24,0.001,0.00047,10
0.000255,5.9833064678534,1.60620419190312,1,24,0.001,0.00047,10
0.000256,6.0057002636615,1.61859288562368,1,24,0.001,0.00047,10
0.000257,6.02808167077587,1.63102658982602,1,24,0.001,0.00047,10
0.000258,6.05045064418605,1.64350526857451,1,24,0.001,0.00047,10
0.000259,6.07280713891747,1.65602888584543,1,24,0.001,0.00047,10
0.00026,6.09515111003163,1.66859740552699,1,24,0.001,0.00047,10
0.000261,6.1174825126261,1.68121079141949,1,24,0.001,0.00047,10
0.000262,6.13980130183468,1.69386900723542,1,24,0.001,0.00047,10
0.000263,6.16210743282745,1.70657201659948,1,24,0.001,0.00047,10
0.000264,6.18440086081085,1.71931978304878,1,24,0.001,0.00047,10
0.000265,6.2066815410278,1.73211227003283,1,24,0.001,0.00047,10
0.000266,6.22894942875776,1.74494944091373,1,24,0.001,0.00047,10
0.000267,6.25120447931685,1.75783125896622,1,24,0.001,0.00047,10
0.000268,6.27344664805788,1.77075768737775,1,24,0.001,0.00047,10
0.000269,6.29567589037051,1.78372868924864,1,24,0.001,0.00047,10
0.00027,6.31789216168126,1.79674422759214,1,24,0.001,0.00047,10
0.000271,6.34009541745367,1.80980426533453,1,24,0.001,0.00047,10
0.000272,6.36228561318833,1.82290876531521,1,24,0.001,0.00047,10
0.000273,6.38446270442302,1.83605769028682,1,24,0.001,0.00047,10
0.000274,6.40662664673273,1.84925100291532,1,24,0.001,0.00047,10
0.000275,6.42877739572981,1.86248866578009,1,24,0.001,0.00047,10
0.000276,6.45091490706403,1.87577064137403,1,24,0.001,0.00047,10
0.000277,6.47303913642266,1.88909689210366,1,24,0.001,0.00047,10
0.000278,6.49515003953056,1.90246738028922,1,24,0.001,0.00047,10
0.000279,6.51724757215027,1.91588206816476,1,24,0.001,0.00047,10
0.00028,6.5393316900821,1.92934091787823,1,24,0.001,0.00047,10
0.000281,6.56140234916422,1.94284389149162,1,24,0.001,0.00047,10
0.000282,6.58345950527273,1.95639095098102,1,24,0.001,0.00047,10
0.000283,6.60550311432175,1.96998205823671,1,24,0.001,0.00047,10
0.000284,6.62753313226352,1.9836171750633,1,24,0.001,0.00047,10
0.000285,6.64954951508845,1.9972962631798,1,24,0.001,0.00047,10
0.000286,6.67155221882527,2.01101928421974,1,24,0.001,0.00047,10
0.000287,6.69354119954105,2.02478619973124,1,24,0.001,0.00047,10
0.000288,6.71551641334132,2.03859697117713,1,24,0.001,0.00047,10
0.000289,6.73747781637014,2.05245155993505,1,24,0.001,0.00047,10
0.00029,6.75942536481021,2.06634992729755,1,24,0.001,0.00047,10
0.000291,6.78135901488291,2.08029203447219,1,24,0.001,0.00047,10
0.000292,6.80327872284844,2.09427784258163,1,24,0.001,0.00047,10
0.000293,6.82518444500586,2.10830731266374,1,24,0.001,0.00047,10
0.000294,6.84707613769319,2.12238040567169,1,24,0.001,0.00047,10
0.000295,6.86895375728752,2.13649708247409,1,24,0.001,0.00047,10
0.000296,6.89081726020505,2.15065730385502,1,24,0.001,0.00047,10
0.000297,6.91266660290119,2.16486103051421,1,24,0.001,0.00047,10
0.000298,6.93450174187068,2.17910822306709,1,24,0.001,0.00047,10
0.000299,6.95632263364761,2.19339884204488,1,24,0.001,0.00047,10
0.0003,6.97812923480557,2.20773284789476,1,24,0.001,0.00047,10
0.000301,6.99992150195767,2.2221102009799,1,24,0.001,0.00047,10
0.000302,7.02169939175669,2.2365308615796,1,24,0.001,0.00047,10
0.000303,7.04346286089511,2.25099478988939,1,24,0.001,0.00047,10
0.000304,7.06521186610522,2.2655019460211,1,24,0.001,0.00047,10
0.000305,7.0869463641592,2.28005229000303,1,24,0.001,0.00047,10
0.000306,7.1086663118692,2.29464578177996,1,24,0.001,0.00047,10
0.000307,7.13037166608742,2.30928238121334,1,24,0.001,0.00047,10
0.000308,7.15206238370621,2.32396204808136,1,24,0.001,0.00047,10
0.000309,7.17373842165812,2.33868474207901,1,24,0.001,0.00047,10
0.00031,7.19539973691605,2.35345042281827,1,24,0.001,0.00047,10
0.000311,7.21704628649323,2.36825904982813,1,24,0.001,0.00047,10
0.000312,7.2386780274434,2.38311058255475,1,24,0.001,0.00047,10
0.000313,7.26029491686084,2.39800498036153,1,24,0.001,0.00047,10
0.000314,7.28189691188048,2.41294220252924,1,24,0.001,0.00047,10
0.000315,7.30348396967795,2.42792220825611,1,24,0.001,0.00047,10
0.000316,7.3250560474697,2.44294495665792,1,24,0.001,0.00047,10
0.000317,7.34661310251304,2.45801040676814,1,24,0.001,0.00047,10
0.000318,7.36815509210627,2.47311851753801,1,24,0.001,0.00047,10
0.000319,7.38968197358873,2.48826924783663,1,24,0.001,0.00047,10
0.00032,7.4111937043409,2.50346255645111,1,24,0.001,0.00047,10
0.000321,7.43269024178445,2.51869840208663,1,24,0.001,0.00047,10
0.000322,7.45417154338236,2.53397674336658,1,24,0.001,0.00047,10
0.000323,7.47563756663899,2.54929753883264,1,24,0.001,0.00047,10
0.000324,7.49708826910016,2.56466074694488,1,24,0.001,0.00047,10
0.000325,7.51852360835321,2.58006632608192,1,24,0.001,0.00047,10
0.000326,7.53994354202713,2.59551423454095,1,24,0.001,0.00047,10
0.000327,7.56134802779259,2.61100443053791,1,24,0.001,0.00047,10
0.000328,7.58273702336206,2.62653687220757,1,24,0.001,0.00047,10
0.000329,7.60411048648985,2.64211151760361,1,24,0.001,0.00047,10
0.00033,7.62546837497224,2.65772832469878,1,24,0.001,0.00047,10
0.000331,7.64681064664755,2.67338725138496,1,24,0.001,0.00047,10
0.000332,7.66813725939616,2.68908825547327,1,24,0.001,0.00047,10
0.000333,7.68944817114069,2.70483129469423,1,24,0.001,0.00047,10
0.000334,7.71074333984599,2.72061632669779,1,24,0.001,0.00047,10
0.000335,7.73202272351929,2.73644330905348,1,24,0.001,0.00047,10
0.000336,7.75328628021024,2.75231219925053,1,24,0.001,0.00047,10
0.000337,7.77453396801099,2.76822295469795,1,24,0.001,0.00047,10
0.000338,7.79576574505629,2.78417553272463,1,24,0.001,0.00047,10
0.000339,7.81698156952357,2.80016989057949,1,24,0.001,0.00047,10
0.00034,7.83818139963299,2.81620598543154,1,24,0.001,0.00047,10
0.000341,7.85936519364756,2.83228377437003,1,24,0.001,0.00047,10
0.000342,7.88053290987319,2.84840321440452,1,24,0.001,0.00047,10
0.000343,7.90168450665878,2.86456426246502,1,24,0.001,0.00047,10
0.000344,7.92281994239632,2.88076687540206,1,24,0.001,0.00047,10
0.000345,7.94393917552092,2.89701100998687,1,24,0.001,0.00047,10
0.000346,7.96504216451093,2.91329662291138,1,24,0.001,0.00047,10
0.000347,7.98612886788802,2.92962367078844,1,24,0.001,0.00047,10
0.000348,8.00719924421723,2.94599211015187,1,24,0.001,0.00047,10
0.000349,8.02825325210708,2.96240189745655,1,24,0.001,0.00047,10
0.00035,8.04929085020962,2.9788529890786,1,24,0.001,0.00047,10
0.000351,8.07031199722054,2.99534534131541,1,24,0.001,0.00047,10
0.000352,8.09131665187923,3.01187891038581,1,24,0.001,0.00047,10
0.000353,8.11230477296884,3.02845365243015,1,24,0.001,0.00047,10
0.000354,8.13327631931641,3.04506952351042,1,24,0.001,0.00047,10
0.000355,8.1542312497929,3.06172647961035,1,24,0.001,0.00047,10
0.000356,8.17516952331329,3.07842447663552,1,24,0.001,0.00047,10
0.000357,8.19609109883665,3.0951634704135,1,24,0.001,0.00047,10
0.000358,8.21699593536624,3.11194341669392,1,24,0.001,0.00047,10
0.000359,8.23788399194955,3.12876427114859,1,24,0.001,0.00047,10
0.00036,8.2587552276784,3.14562598937164,1,24,0.001,0.00047,10
0.000361,8.27960960168903,3.1625285268796,1,24,0.001,0.00047,10
0.000362,8.30044707316215,3.17947183911152,1,24,0.001,0.00047,10
0.000363,8.32126760132303,3.19645588142908,1,24,0.001,0.00047,10
0.000364,8.34207114544161,3.21348060911669,1,24,0.001,0.00047,10
0.000365,8.36285766483249,3.23054597738165,1,24,0.001,0.00047,10
0.000366,8.38362711885511,3.24765194135419,1,24,0.001,0.00047,10
0.000367,8.40437946691375,3.26479845608764,1,24,0.001,0.00047,10
0.000368,8.42511466845767,3.2819854765585,1,24,0.001,0.00047,10
0.000369,8.44583268298111,3.29921295766659,1,24,0.001,0.00047,10
0.00037,8.46653347002344,3.31648085423513,1,24,0.001,0.00047,10
0.000371,8.48721698916921,3.33378912101087,1,24,0.001,0.00047,10
0.000372,8.50788320004819,3.35113771266421,1,24,0.001,0.00047,10
0.000373,8.52853206233553,3.36852658378928,1,24,0.001,0.00047,10
0.000374,8.54916353575174,3.38595568890408,1,24,0.001,0.00047,10
0.000375,8.56977758006284,3.40342498245059,1,24,0.001,0.00047,10
0.000376,8.59037415508039,3.42093441879489,1,24,0.001,0.00047,10
0.000377,8.61095322066159,3.43848395222723,1,24,0.001,0.00047,10
0.000378,8.63151473670936,3.4560735369622,1,24,0.001,0.00047,10
0.000379,8.6520586631724,3.47370312713883,1,24,0.001,0.00047,10
0.00038,8.67258496004526,3.49137267682066,1,24,0.001,0.00047,10
0.000381,8.69309358736844,3.5090821399959,1,24,0.001,0.00047,10
0.000382,8.71358450522845,3.52683147057753,1,24,0.001,0.00047,10
0.000383,8.73405767375787,3.54462062240343,1,24,0.001,0.00047,10
0.000384,8.75451305313547,3.56244954923644,1,24,0.001,0.00047,10
0.000385,8.77495060358623,3.58031820476455,1,24,0.001,0.00047,10
0.000386,8.79537028538146,3.59822654260096,1,24,0.001,0.00047,10
0.000387,8.81577205883886,3.61617451628419,1,24,0.001,0.00047,10
0.000388,8.83615588432258,3.63416207927826,1,24,0.001,0.00047,10
0.000389,8.8565217222433,3.65218918497272,1,24,0.001,0.00047,10
0.00039,8.87686953305833,3.67025578668281,1,24,0.001,0.00047,10
0.000391,8.89719927727164,3.6883618376496,1,24,0.001,0.00047,10
0.000392,8.917510915434,3.70650729104004,1,24,0.001,0.00047,10
0.000393,8.93780440814296,3.72469209994713,1,24,0.001,0.00047,10
0.000394,8.95807971604301,3.74291621738999,1,24,0.001,0.00047,10
0.000395,8.97833679982562,3.76117959631405,1,24,0.001,0.00047,10
0.000396,8.99857562022931,3.77948218959105,1,24,0.001,0.00047,10
0.000397,9.01879613803971,3.79782395001929,1,24,0.001,0.00047,10
0.000398,9.0389983140897,3.81620483032362,1,24,0.001,0.00047,10
0.000399,9.05918210925937,3.83462478315566,1,24,0.001,0.00047,10
0.0004,9.07934748447622,3.85308376109384,1,24,0.001,0.00047,10
0.000401,9.09949440071512,3.87158171664356,1,24,0.001,0.00047,10
0.000402,9.11962281899848,3.89011860223728,1,24,0.001,0.00047,10
0.000403,9.13973270039624,3.90869437023468,1,24,0.001,0.00047,10
0.000404,9.15982400602601,3.9273089729227,1,24,0.001,0.00047,10
0.000405,9.17989669705309,3.94596236251575,1,24,0.001,0.00047,10
0.000406,9.19995073469057,3.96465449115576,1,24,0.001,0.00047,10
0.000407,9.21998608019942,3.9833853109123,1,24,0.001,0.00047,10
0.000408,9.2400026948885,4.00215477378274,1,24,0.001,0.00047,10
0.000409,9.26000054011472,4.02096283169234,1,24,0.001,0.00047,10
0.00041,9.27997957728303,4.03980943649435,1,24,0.001,0.00047,10
0.000411,9.29993976784653,4.05869453997017,1,24,0.001,0.00047,10
0.000412,9.31988107330656,4.07761809382942,1,24,0.001,0.00047,10
0.000413,9.33980345521273,4.09658004971011,1,24,0.001,0.00047,10
0.000414,9.35970687516302,4.11558035917871,1,24,0.001,0.00047,10
0.000415,9.37959129480384,4.13461897373029,1,24,0.001,0.00047,10
0.000416,9.39945667583011,4.15369584478866,1,24,0.001,0.00047,10
0.000417,9.41930297998532,4.17281092370643,1,24,0.001,0.00047,10
0.000418,9.43913016906162,4.19196416176518,1,24,0.001,0.00047,10
0.000419,9.45893820489985,4.21115551017557,1,24,0.001,0.00047,10
0.00042,9.47872704938968,4.23038492007745,1,24,0.001,0.00047,10
0.000421,9.4984966644696,4.24965234253997,1,24,0.001,0.00047,10
0.000422,9.51824701212706,4.2689577285617,1,24,0.001,0.00047,10
0.000423,9.5379780543985,4.28830102907079,1,24,0.001,0.00047,10
0.000424,9.55768975336943,4.30768219492503,1,24,0.001,0.00047,10
0.000425,9.5773820711745,4.327101176912,1,24,0.001,0.00047,10
0.000426,9.59705496999759,4.3465579257492,1,24,0.001,0.00047,10
0.000427,9.61670841207184,4.36605239208414,1,24,0.001,0.00047,10
0.000428,9.63634235967976,4.38558452649449,1,24,0.001,0.00047,10
0.000429,9.65595677515327,4.40515427948817,1,24,0.001,0.00047,10
0.00043,9.67555162087378,4.4247616015035,1,24,0.001,0.00047,10
0.000431,9.69512685927227,4.44440644290929,1,24,0.001,0.00047,10
0.000432,9.71468245282936,4.464088754005,1,24,0.001,0.00047,10
0.000433,9.73421836407536,4.4838084850208,1,24,0.001,0.00047,10
0.000434,9.75373455559034,4.50356558611777,1,24,0.001,0.00047,10
0.000435,9.77323099000422,4.52336000738793,1,24,0.001,0.00047,10
0.000436,9.79270762999684,4.54319169885446,1,24,0.001,0.00047,10
0.000437,9.81216443829798,4.56306061047171,1,24,0.001,0.00047,10
0.000438,9.83160137768751,4.58296669212544,1,24,0.001,0.00047,10
0.000439,9.85101841099538,4.60290989363283,1,24,0.001,0.00047,10
0.00044,9.87041550110175,4.62289016474269,1,24,0.001,0.00047,10
0.000441,9.88979261093701,4.64290745513551,1,24,0.001,0.00047,10
0.000442,9.90914970348187,4.66296171442365,1,24,0.001,0.00047,10
0.000443,9.92848674176745,4.68305289215139,1,24,0.001,0.00047,10
0.000444,9.94780368887529,4.70318093779512,1,24,0.001,0.00047,10
0.000445,9.9671005079375,4.72334580076341,1,24,0.001,0.00047,10
0.000446,9.98637716213674,4.74354743039716,1,24,0.001,0.00047,10
0.000447,10.0056336147063,4.7637857759697,1,24,0.001,0.00047,10
0.000448,10.0248698289304,4.78406078668696,1,24,0.001,0.00047,10
0.000449,10.0440857681437,4.80437241168751,1,24,0.001,0.00047,10
0.00045,10.063281395732,4.82472060004278,1,24,0.001,0.00047,10
0.000451,10.082456675132,4.84510530075709,1,24,0.001,0.00047,10
0.000452,10.1016115698312,4.86552646276785,1,24,0.001,0.00047,10
0.000453,10.1207460433684,4.88598403494563,1,24,0.001,0.00047,10
0.000454,10.1398600593335,4.90647796609429,1,24,0.001,0.00047,10
0.000455,10.1589535813674,4.92700820495115,1,24,0.001,0.00047,10
0.000456,10.1780265731624,4.94757470018705,1,24,0.001,0.00047,10
0.000457,10.1970789984623,4.96817740040651,1,24,0.001,0.00047,10
0.000458,10.2161108210618,4.98881625414783,1,24,0.001,0.00047,10
0.000459,10.2351220048077,5.00949120988325,1,24,0.001,0.00047,10
0.00046,10.2541125135978,5.03020221601904,1,24,0.001,0.00047,10
0.000461,10.2730823113818,5.05094922089562,1,24,0.001,0.00047,10
0.000462,10.2920313621609,5.07173217278773,1,24,0.001,0.00047,10
0.000463,10.3109596299881,5.0925510199045,1,24,0.001,0.00047,10
0.000464,10.3298670789682,5.11340571038961,1,24,0.001,0.00047,10
0.000465,10.3487536732578,5.13429619232137,1,24,0.001,0.00047,10
0.000466,10.3676193770655,5.15522241371291,1,24,0.001,0.00047,10
0.000467,10.3864641546518,5.17618432251226,1,24,0.001,0.00047,10
0.000468,10.4052879703293,5.19718186660248,1,24,0.001,0.00047,10
0.000469,10.4240907884627,5.21821499380177,1,24,0.001,0.00047,10
0.00047,10.4428725734689,5.23928365186365,1,24,0.001,0.00047,10
0.000471,10.461633289817,5.26038778847702,1,24,0.001,0.00047,10
0.000472,10.4803729020285,5.28152735126632,1,24,0.001,0.00047,10
0.000473,10.4990913746773,5.30270228779164,1,24,0.001,0.00047,10
0.000474,10.5177886723895,5.32391254554887,1,24,0.001,0.00047,10
0.000475,10.5364647598439,5.34515807196979,1,24,0.001,0.00047,10
0.000476,10.5551196017719,5.36643881442223,1,24,0.001,0.00047,10
0.000477,10.5737531629575,5.38775472021017,1,24,0.001,0.00047,10
0.000478,10.5923654082373,5.40910573657386,1,24,0.001,0.00047,10
0.000479,10.6109563025007,5.43049181068999,1,24,0.001,0.00047,10
0.00048,10.6295258106901,5.45191288967176,1,24,0.001,0.00047,10
0.000481,10.6480738978004,5.47336892056904,1,24,0.001,0.00047,10
0.000482,10.6666005288798,5.4948598503685,1,24,0.001,0.00047,10
0.000483,10.6851056690294,5.51638562599369,1,24,0.001,0.00047,10
0.000484,10.7035892834034,5.53794619430525,1,24,0.001,0.00047,10
0.000485,10.7220513372091,5.55954150210094,1,24,0.001,0.00047,10
0.000486,10.740491795707,5.58117149611583,1,24,0.001,0.00047,10
0.000487,10.7589106242109,5.60283612302241,1,24,0.001,0.00047,10
0.000488,10.7773077880879,5.62453532943073,1,24,0.001,0.00047,10
0.000489,10.7956832527585,5.64626906188848,1,24,0.001,0.00047,10
0.00049,10.8140369836966,5.66803726688119,1,24,0.001,0.00047,10
0.000491,10.8323689464297,5.68983989083227,1,24,0.001,0.00047,10
0.000492,10.8506791065389,5.71167688010322,1,24,0.001,0.00047,10
0.000493,10.8689674296588,5.7335481809937,1,24,0.001,0.00047,10
0.000494,10.8872338814778,5.7554537397417,1,24,0.001,0.00047,10
0.000495,10.905478427738,5.77739350252363,1,24,0.001,0.00047,10
0.000496,10.9237010342355,5.79936741545445,1,24,0.001,0.00047,10
0.000497,10.9419016668201,5.82137542458783,1,24,0.001,0.00047,10
0.000498,10.9600802913955,5.84341747591626,1,24,0.001,0.00047,10
0.000499,10.9782368739196,5.86549351537116,1,24,0.001,0.00047,10
0.0005,10.9963713804042,5.88760348882304,1,24,0.001,0.00047,10
0.000501,11.0144837769154,5.90974734208159,1,24,0.001,0.00047,10
0.000502,11.0325740295733,5.93192502089587,1,24,0.001,0.00047,10
0.000503,11.0506421045524,5.95413647095434,1,24,0.001,0.00047,10
0.000504,11.0686879680814,5.9763816378851,1,24,0.001,0.00047,10
0.000505,11.0867115864435,5.99866046725594,1,24,0.001,0.00047,10
0.000506,11.1047129259763,6.02097290457449,1,24,0.001,0.00047,10
0.000507,11.1226919530717,6.04331889528836,1,24,0.001,0.00047,10
0.000508,11.1406486341764,6.06569838478526,1,24,0.001,0.00047,10
0.000509,11.1585829357916,6.08811131839312,1,24,0.001,0.00047,10
0.00051,11.1764948244732,6.11055764138026,1,24,0.001,0.00047,10
0.000511,11.1943842668319,6.13303729895544,1,24,0.001,0.00047,10
0.000512,11.2122512295329,6.15555023626807,1,24,0.001,0.00047,10
0.000513,11.2300956792966,6.17809639840829,1,24,0.001,0.00047,10
0.000514,11.2479175828982,6.20067573040714,1,24,0.001,0.00047,10
0.000515,11.2657169071678,6.22328817723662,1,24,0.001,0.00047,10
0.000516,11.2834936189906,6.2459336838099,1,24,0.001,0.00047,10
0.000517,11.3012476853068,6.26861219498141,1,24,0.001,0.00047,10
0.000518,11.3189790731118,6.29132365554696,1,24,0.001,0.00047,10
0.000519,11.3366877494562,6.31406801024389,1,24,0.001,0.00047,10
0.00052,11.354373681446,6.3368452037512,1,24,0.001,0.00047,10
0.000521,11.3720368362423,6.35965518068965,1,24,0.001,0.00047,10
0.000522,11.3896771810616,6.38249788562193,1,24,0.001,0.00047,10
0.000523,11.4072946831759,6.40537326305278,1,24,0.001,0.00047,10
0.000524,11.4248893099129,6.4282812574291,1,24,0.001,0.00047,10
0.000525,11.4424610286555,6.4512218131401,1,24,0.001,0.00047,10
0.000526,11.4600098068423,6.47419487451742,1,24,0.001,0.00047,10
0.000527,11.4775356119678,6.49720038583528,1,24,0.001,0.00047,10
0.000528,11.495038411582,6.52023829131056,1,24,0.001,0.00047,10
0.000529,11.5125181732907,6.54330853510301,1,24,0.001,0.00047,10
0.00053,11.5299748647556,6.56641106131531,1,24,0.001,0.00047,10
0.000531,11.5474084536942,6.58954581399323,1,24,0.001,0.00047,10
0.000532,11.5648189078802,6.61271273712577,1,24,0.001,0.00047,10
0.000533,11.5822061951431,6.63591177464528,1,24,0.001,0.00047,10
0.000534,11.5995702833685,6.65914287042757,1,24,0.001,0.00047,10
0.000535,11.616911140498,6.6824059682921,1,24,0.001,0.00047,10
0.000536,11.6342287345298,6.70570101200203,1,24,0.001,0.00047,10
0.000537,11.6515230335177,6.72902794526443,1,24,0.001,0.00047,10
0.000538,11.6687940055725,6.75238671173037,1,24,0.001,0.00047,10
0.000539,11.6860416188608,6.77577725499505,1,24,0.001,0.00047,10
0.00054,11.7032658416058,6.79919951859795,1,24,0.001,0.00047,10
0.000541,11.7204666420872,6.82265344602294,1,24,0.001,0.00047,10
0.000542,11.7376439886411,6.84613898069844,1,24,0.001,0.00047,10
0.000543,11.7547978496604,6.86965606599753,1,24,0.001,0.00047,10
0.000544,11.7719281935944,6.89320464523808,1,24,0.001,0.00047,10
0.000545,11.7890349889492,6.91678466168291,1,24,0.001,0.00047,10
0.000546,11.8061182042875,6.94039605853989,1,24,0.001,0.00047,10
0.000547,11.823177808229,6.96403877896209,1,24,0.001,0.00047,10
0.000548,11.84021376945,6.98771276604791,1,24,0.001,0.00047,10
0.000549,11.857226056684,7.0114179628412,1,24,0.001,0.00047,10
0.00055,11.8742146387211,7.03515431233141,1,24,0.001,0.00047,10
0.000551,11.8911794844088,7.05892175745372,1,24,0.001,0.00047,10
0.000552,11.9081205626513,7.08272024108918,1,24,0.001,0.00047,10
0.000553,11.9250378424103,7.1065497060648,1,24,0.001,0.00047,10
0.000554,11.9419312927042,7.13041009515374,1,24,0.001,0.00047,10
0.000555,11.958800882609,7.15430135107542,1,24,0.001,0.00047,10
0.000556,11.975646581258,7.17822341649564,1,24,0.001,0.00047,10
0.000557,11.9924683578415,7.20217623402672,1,24,0.001,0.00047,10
0.000558,12.0092661816074,7.22615974622765,1,24,0.001,0.00047,10
0.000559,12.0260400218612,7.25017389560421,1,24,0.001,0.00047,10
0.00056,12.0427898479656,7.27421862460911,1,24,0.001,0.00047,10
0.000561,12.059515629341,7.2982938756421,1,24,0.001,0.00047,10
0.000562,12.0762173354654,7.32239959105013,1,24,0.001,0.00047,10
0.000563,12.0928949358743,7.3465357131275,1,24,0.001,0.00047,10
0.000564,12.1095484001612,7.37070218411593,1,24,0.001,0.00047,10
0.000565,12.1261776979771,7.39489894620476,1,24,0.001,0.00047,10
0.000566,12.1427827990309,7.41912594153105,1,24,0.001,0.00047,10
0.000567,12.1593636730893,7.44338311217972,1,24,0.001,0.00047,10
0.000568,12.1759202899771,7.4676704001837,1,24,0.001,0.00047,10
0.000569,12.192452619577,7.49198774752404,1,24,0.001,0.00047,10
0.00057,12.2089606318294,7.51633509613005,1,24,0.001,0.00047,10
0.000571,12.2254442967333,7.54071238787945,1,24,0.001,0.00047,10
0.000572,12.2419035843454,7.56511956459848,1,24,0.001,0.00047,10
0.000573,12.2583384647808,7.58955656806207,1,24,0.001,0.00047,10
0.000574,12.2747489082128,7.61402333999393,1,24,0.001,0.00047,10
0.000575,12.2911348848728,7.63851982206672,1,24,0.001,0.00047,10
0.000576,12.3074963650507,7.66304595590218,1,24,0.001,0.00047,10
0.000577,12.3238333190948,7.68760168307125,1,24,0.001,0.00047,10
0.000578,12.3401457174117,7.7121869450942,1,24,0.001,0.00047,10
0.000579,12.3564335304666,7.7368016834408,1,24,0.001,0.00047,10
0.00058,12.3726967287832,7.76144583953042,1,24,0.001,0.00047,10
0.000581,12.3889352829437,7.78611935473219,1,24,0.001,0.00047,10
0.000582,12.4051491635889,7.8108221703651,1,24,0.001,0.00047,10
0.000583,12.4213383414186,7.83555422769819,1,24,0.001,0.00047,10
0.000584,12.4375027871909,7.86031546795064,1,24,0.001,0.00047,10
0.000585,12.4536424717229,7.88510583229191,1,24,0.001,0.00047,10
0.000586,12.4697573658906,7.90992526184189,1,24,0.001,0.00047,10
0.000587,12.4858474406288,7.93477369767106,1,24,0.001,0.00047,10
0.000588,12.5019126669311,7.95965108080055,1,24,0.001,0.00047,10
0.000589,12.5179530158503,7.98455735220236,1,24,0.001,0.00047,10
0.00059,12.5339684584981,8.00949245279944,1,24,0.001,0.00047,10
0.000591,12.5499589660453,8.03445632346587,1,24,0.001,0.00047,10
0.000592,12.5659245097219,8.05944890502693,1,24,0.001,0.00047,10
0.000593,12.5818650608168,8.08447013825931,1,24,0.001,0.00047,10
0.000594,12.5977805906786,8.10951996389121,1,24,0.001,0.00047,10
0.000595,12.6136710707147,8.13459832260246,1,24,0.001,0.00047,10
0.000596,12.6295364723921,8.1597051550247,1,24,0.001,0.00047,10
0.000597,12.645376767237,8.18484040174149,1,24,0.001,0.00047,10
0.000598,12.6611919268353,8.21000400328843,1,24,0.001,0.00047,10
0.000599,12.676981922832,8.23519590015334,1,24,0.001,0.00047,10
0.0006,12.6927467269319,8.26041603277635,1,24,0.001,0.00047,10
0.000601,12.7084863108991,8.28566434155009,1,24,0.001,0.00047,10
0.000602,12.7242006465575,8.31094076681975,1,24,0.001,0.00047,10
0.000603,12.7398897057907,8.33624524888332,1,24,0.001,0.00047,10
0.000604,12.7555534605418,8.36157772799162,1,24,0.001,0.00047,10
0.000605,12.7711918828138,8.38693814434852,1,24,0.001,0.00047,10
0.000606,12.7868049446695,8.41232643811103,1,24,0.001,0.00047,10
0.000607,12.8023926182314,8.43774254938945,1,24,0.001,0.00047,10
0.000608,12.817954875682,8.46318641824752,1,24,0.001,0.00047,10
0.000609,12.8334916892637,8.48865798470254,1,24,0.001,0.00047,10
0.00061,12.849003031279,8.51415718872551,1,24,0.001,0.00047,10
0.000611,12.8644888740903,8.53968397024126,1,24,0.001,0.00047,10
0.000612,12.8799491901201,8.56523826912864,1,24,0.001,0.00047,10
0.000613,12.8953839518509,8.59082002522057,1,24,0.001,0.00047,10
0.000614,12.9107931318257,8.61642917830425,1,24,0.001,0.00047,10
0.000615,12.9261767026474,8.64206566812126,1,24,0.001,0.00047,10
0.000616,12.9415346369793,8.66772943436771,1,24,0.001,0.00047,10
0.000617,12.9568669075449,8.6934204166944,1,24,0.001,0.00047,10
0.000618,12.9721734871282,8.7191385547069,1,24,0.001,0.00047,10
0.000619,12.9874543485735,8.74488378796575,1,24,0.001,0.00047,10
0.00062,13.0027094647856,8.77065605598655,1,24,0.001,0.00047,10
0.000621,13.0179388087296,8.79645529824014,1,24,0.001,0.00047,10
0.000622,13.0331423534313,8.8222814541527,1,24,0.001,0.00047,10
0.000623,13.0483200719772,8.84813446310593,1,24,0.001,0.00047,10
0.000624,13.0634719375141,8.87401426443713,1,24,0.001,0.00047,10
0.000625,13.0785979232496,8.89992079743941,1,24,0.001,0.00047,10
0.000626,13.0936980024522,8.92585400136177,1,24,0.001,0.00047,10
0.000627,13.1087721484508,8.95181381540925,1,24,0.001,0.00047,10
0.000628,13.1238203346354,8.9778001787431,1,24,0.001,0.00047,10
0.000629,13.1388425344567,9.00381303048089,1,24,0.001,0.00047,10
0.00063,13.1538387214262,9.02985230969665,1,24,0.001,0.00047,10
0.000631,13.1688088691165,9.05591795542102,1,24,0.001,0.00047,10
0.000632,13.1837529511611,9.0820099066414,1,24,0.001,0.00047,10
0.000633,13.1986709412545,9.10812810230203,1,24,0.001,0.00047,10
0.000634,13.2135628131522,9.13427248130421,1,24,0.001,0.00047,10
0.000635,13.2284285406708,9.16044298250638,1,24,0.001,0.00047,10
0.000636,13.2432680976883,9.1866395447243,1,24,0.001,0.00047,10
0.000637,13.2580814581436,9.21286210673114,1,24,0.001,0.00047,10
0.000638,13.2728685960369,9.23911060725767,1,24,0.001,0.00047,10
0.000639,13.2876294854296,9.26538498499237,1,24,0.001,0.00047,10
0.00064,13.3023641004446,9.29168517858159,1,24,0.001,0.00047,10
0.000641,13.3170724152661,9.31801112662964,1,24,0.001,0.00047,10
0.000642,13.3317544041394,9.34436276769901,1,24,0.001,0.00047,10
0.000643,13.3464100413717,9.37074004031044,1,24,0.001,0.00047,10
0.000644,13.3610393013314,9.39714288294308,1,24,0.001,0.00047,10
0.000645,13.3756421584485,9.42357123403464,1,24,0.001,0.00047,10
0.000646,13.3902185872144,9.45002503198155,1,24,0.001,0.00047,10
0.000647,13.4047685621825,9.47650421513903,1,24,0.001,0.00047,10
0.000648,13.4192920579673,9.50300872182131,1,24,0.001,0.00047,10
0.000649,13.4337890492455,9.5295384903017,1,24,0.001,0.00047,10
0.00065,13.4482595107552,9.5560934588128,1,24,0.001,0.00047,10
0.000651,13.4627034172964,9.58267356554657,1,24,0.001,0.00047,10
0.000652,13.4771207437308,9.60927874865453,1,24,0.001,0.00047,10
0.000653,13.4915114649822,9.63590894624786,1,24,0.001,0.00047,10
0.000654,13.5058755560359,9.66256409639756,1,24,0.001,0.00047,10
0.000655,13.5202129919395,9.68924413713457,1,24,0.001,0.00047,10
0.000656,13.5345237478024,9.71594900644995,1,24,0.001,0.00047,10
0.000657,13.5488077987959,9.74267864229496,1,24,0.001,0.00047,10
0.000658,13.5630651201537,9.76943298258127,1,24,0.001,0.00047,10
0.000659,13.5772956871711,9.79621196518105,1,24,0.001,0.00047,10
0.00066,13.5914994752059,9.82301552792712,1,24,0.001,0.00047,10
0.000661,13.605676459678,9.84984360861311,1,24,0.001,0.00047,10
0.000662,13.6198266160694,9.87669614499357,1,24,0.001,0.00047,10
0.000663,13.6339499199244,9.90357307478414,1,24,0.001,0.00047,10
0.000664,13.6480463468496,9.93047433566169,1,24,0.001,0.00047,10
0.000665,13.6621158725139,9.95739986526442,1,24,0.001,0.00047,10
0.000666,13.6761584726487,9.98434960119205,1,24,0.001,0.00047,10
0.000667,13.6901741230475,10.0113234810059,1,24,0.001,0.00047,10
0.000668,13.7041627995665,10.0383214422292,1,24,0.001,0.00047,10
0.000669,13.7181244781242,10.065343422347,1,24,0.001,0.00047,10
0.00067,13.7320591347019,10.0923893588063,1,24,0.001,0.00047,10
0.000671,13.7459667453431,10.1194591890166,1,24,0.001,0.00047,10
0.000672,13.7598472861541,10.1465528503494,1,24,0.001,0.00047,10
0.000673,13.7737007333037,10.1736702801391,1,24,0.001,0.00047,10
0.000674,13.7875270630236,10.2008114156822,1,24,0.001,0.00047,10
0.000675,13.8013262516079,10.2279761942385,1,24,0.001,0.00047,10
0.000676,13.8150982754136,10.2551645530304,1,24,0.001,0.00047,10
0.000677,13.8288431108606,10.2823764292434,1,24,0.001,0.00047,10
0.000678,13.8425607344314,10.3096117600262,1,24,0.001,0.00047,10
0.000679,13.8562511226713,10.336870482491,1,24,0.001,0.00047,10
0.00068,13.8699142521889,10.3641525337132,1,24,0.001,0.00047,10
0.000681,13.8835500996551,10.3914578507319,1,24,0.001,0.00047,10
0.000682,13.8971586418044,10.4187863705502,1,24,0.001,0.00047,10
0.000683,13.9107398554339,10.4461380301348,1,24,0.001,0.00047,10
0.000684,13.9242937174037,10.4735127664165,1,24,0.001,0.00047,10
0.000685,13.9378202046373,10.5009105162905,1,24,0.001,0.00047,10
0.000686,13.951319294121,10.528331216616,1,24,0.001,0.00047,10
0.000687,13.9647909629044,10.555774804217,1,24,0.001,0.00047,10
0.000688,13.9782351881002,10.5832412158818,1,24,0.001,0.00047,10
0.000689,13.9916519468843,10.6107303883638,1,24,0.001,0.00047,10
0.00069,14.0050412164959,10.6382422583809,1,24,0.001,0.00047,10
0.000691,14.0184029742376,10.6657767626163,1,24,0.001,0.00047,10
0.000692,14.0317371974749,10.6933338377184,1,24,0.001,0.00047,10
0.000693,14.0450438636372,10.7209134203008,1,24,0.001,0.00047,10
0.000694,14.0583229502169,10.7485154469425,1,24,0.001,0.00047,10
0.000695,14.07157443477,10.7761398541883,1,24,0.001,0.00047,10
0.000696,14.0847982949158,10.8037865785486,1,24,0.001,0.00047,10
0.000697,14.0979945083372,10.8314555564998,1,24,0.001,0.00047,10
0.000698,14.1111630527807,10.8591467244842,1,24,0.001,0.00047,10
0.000699,14.1243039060563,10.8868600189105,1,24,0.001,0.00047,10
0.0007,14.1374170460373,10.9145953761534,1,24,0.001,0.00047,10
0.000701,14.1505024506612,10.9423527325543,1,24,0.001,0.00047,10
0.000702,14.1635600979286,10.9701320244211,1,24,0.001,0.00047,10
0.000703,14.1765899659042,10.9979331880285,1,24,0.001,0.00047,10
0.000704,14.1895920327162,11.0257561596181,1,24,0.001,0.00047,10
0.000705,14.2025662765566,11.0536008753984,1,24,0.001,0.00047,10
0.000706,14.2155126756812,11.0814672715453,1,24,0.001,0.00047,10
0.000707,14.2284312084096,11.1093552842017,1,24,0.001,0.00047,10
0.000708,14.2413218531254,11.1372648494783,1,24,0.001,0.00047,10
0.000709,14.2541845882759,11.1651959034531,1,24,0.001,0.00047,10
0.00071,14.2670193923725,11.1931483821721,1,24,0.001,0.00047,10
0.000711,14.2798262439903,11.2211222216491,1,24,0.001,0.00047,10
0.000712,14.2926051217687,11.2491173578657,1,24,0.001,0.00047,10
0.000713,14.3053560044108,11.2771337267721,1,24,0.001,0.00047,10
0.000714,14.318078870684,11.3051712642864,1,24,0.001,0.00047,10
0.000715,14.3307736994197,11.3332299062954,1,24,0.001,0.00047,10
0.000716,14.3434404695135,11.3613095886546,1,24,0.001,0.00047,10
0.000717,14.3560791599248,11.3894102471879,1,24,0.001,0.00047,10
0.000718,14.3686897496776,11.4175318176883,1,24,0.001,0.00047,10
0.000719,14.3812722178599,11.4456742359179,1,24,0.001,0.00047,10
0.00072,14.393826543624,11.4738374376078,1,24,0.001,0.00047,10
0.000721,14.4063527061864,11.5020213584586,1,24,0.001,0.00047,10
0.000722,14.4188506848279,11.5302259341402,1,24,0.001,0.00047,10
0.000723,14.4313204588938,11.5584511002921,1,24,0.001,0.00047,10
0.000724,14.4437620077935,11.5866967925237,1,24,0.001,0.00047,10
0.000725,14.456175311001,11.6149629464143,1,24,0.001,0.00047,10
0.000726,14.4685603480546,11.6432494975129,1,24,0.001,0.00047,10
0.000727,14.4809170985571,11.6715563813391,1,24,0.001,0.00047,10
0.000728,14.4932455421757,11.6998835333825,1,24,0.001,0.00047,10
0.000729,14.5055456586423,11.7282308891035,1,24,0.001,0.00047,10
0.00073,14.5178174277532,11.7565983839327,1,24,0.001,0.00047,10
0.000731,14.5300608293693,11.7849859532717,1,24,0.001,0.00047,10
0.000732,14.542275843416,11.8133935324931,1,24,0.001,0.00047,10
0.000733,14.5544624498835,11.8418210569403,1,24,0.001,0.00047,10
0.000734,14.5666206288266,11.8702684619279,1,24,0.001,0.00047,10
0.000735,14.5787503603647,11.898735682742,1,24,0.001,0.00047,10
0.000736,14.5908516246819,11.9272226546401,1,24,0.001,0.00047,10
0.000737,14.6029244020273,11.9557293128512,1,24,0.001,0.00047,10
0.000738,14.6149686727144,11.9842555925762,1,24,0.001,0.00047,10
0.000739,14.6269844171219,12.0128014289878,1,24,0.001,0.00047,10
0.00074,14.6389716156929,12.0413667572308,1,24,0.001,0.00047,10
0.000741,14.6269302489356,12.0699515124222,0,24,0.001,0.00047,10
0.000742,14.6148602974232,12.0985045658216,0,24,0.001,0.00047,10
0.000743,14.6027617928574,12.1270258633553,0,24,0.001,0.00047,10
0.000744,14.590634766994,12.1555153510287,0,24,0.001,0.00047,10
0.000745,14.578479251643,12.1839729749264,0,24,0.001,0.00047,10
0.000746,14.5662952786681,12.2123986812118,0,24,0.001,0.00047,10
0.000747,14.5540828799869,12.2407924161279,0,24,0.001,0.00047,10
0.000748,14.5418420875707,12.2691541259967,0,24,0.001,0.00047,10
0.000749,14.5295729334447,12.2974837572201,0,24,0.001,0.00047,10
0.00075,14.5172754496875,12.3257812562791,0,24,0.001,0.00047,10
0.000751,14.5049496684312,12.3540465697345,0,24,0.001,0.00047,10
0.000752,14.4925956218615,12.382279644227,0,24,0.001,0.00047,10
0.000753,14.4802133422173,12.4104804264768,0,24,0.001,0.00047,10
0.000754,14.4678028617908,12.4386488632844,0,24,0.001,0.00047,10
0.000755,14.4553642129275,12.4667849015301,0,24,0.001,0.00047,10
0.000756,14.442897428026,12.4948884881743,0,24,0.001,0.00047,10
0.000757,14.4304025395378,12.5229595702577,0,24,0.001,0.00047,10
0.000758,14.4178795799676,12.5509980949014,0,24,0.001,0.00047,10
0.000759,14.4053285818727,12.5790040093066,0,24,0.001,0.00047,10
0.00076,14.3927495778633,12.6069772607554,0,24,0.001,0.00047,10
0.000761,14.3801426006026,12.6349177966103,0,24,0.001,0.00047,10
0.000762,14.367507682806,12.6628255643144,0,24,0.001,0.00047,10
0.000763,14.3548448572417,12.6907005113918,0,24,0.001,0.00047,10
0.000764,14.3421541567303,12.7185425854474,0,24,0.001,0.00047,10
0.000765,14.3294356141448,12.7463517341669,0,24,0.001,0.00047,10
0.000766,14.3166892624107,12.7741279053174,0,24,0.001,0.00047,10
0.000767,14.3039151345053,12.8018710467469,0,24,0.001,0.00047,10
0.000768,14.2911132634586,12.8295811063849,0,24,0.001,0.00047,10
0.000769,14.2782836823522,12.8572580322419,0,24,0.001,0.00047,10
0.00077,14.26542642432,12.8849017724103,0,24,0.001,0.00047,10
0.000771,14.2525415225476,12.9125122750637,0,24,0.001,0.00047,10
0.000772,14.2396290102725,12.9400894884574,0,24,0.001,0.00047,10
0.000773,14.226688920784,12.9676333609285,0,24,0.001,0.00047,10
0.000774,14.2137212874231,12.9951438408959,0,24,0.001,0.00047,10
0.000775,14.2007261435822,13.0226208768604,0,24,0.001,0.00047,10
0.000776,14.1877035227054,13.0500644174049,0,24,0.001,0.00047,10
0.000777,14.1746534582879,13.0774744111942,0,24,0.001,0.00047,10
0.000778,14.1615759838768,13.1048508069754,0,24,0.001,0.00047,10
0.000779,14.1484711330698,13.1321935535779,0,24,0.001,0.00047,10
0.00078,14.1353389395162,13.1595025999135,0,24,0.001,0.00047,10
0.000781,14.1221794369163,13.1867778949763,0,24,0.001,0.00047,10
0.000782,14.1089926590213,13.2140193878431,0,24,0.001,0.00047,10
0.000783,14.0957786396335,13.2412270276734,0,24,0.001,0.00047,10
0.000784,14.0825374126058,13.2684007637093,0,24,0.001,0.00047,10
0.000785,14.0692690118421,13.2955405452758,0,24,0.001,0.00047,10
0.000786,14.0559734712968,13.3226463217807,0,24,0.001,0.00047,10
0.000787,14.042650824975,13.349718042715,0,24,0.001,0.00047,10
0.000788,14.0293011069323,13.3767556576527,0,24,0.001,0.00047,10
0.000789,14.0159243512747,13.4037591162509,0,24,0.001,0.00047,10
0.00079,14.0025205921584,13.4307283682501,0,24,0.001,0.00047,10
0.000791,13.9890898637902,13.4576633634743,0,24,0.001,0.00047,10
0.000792,13.9756322004267,13.4845640518305,0,24,0.001,0.00047,10
0.000793,13.9621476363749,13.5114303833098,0,24,0.001,0.00047,10
0.000794,13.9486362059915,13.5382623079864,0,24,0.001,0.00047,10
0.000795,13.9350979436836,13.5650597760188,0,24,0.001,0.00047,10
0.000796,13.9215328839075,13.5918227376487,0,24,0.001,0.00047,10
0.000797,13.9079410611699,13.6185511432022,0,24,0.001,0.00047,10
0.000798,13.8943225100267,13.6452449430891,0,24,0.001,0.00047,10
0.000799,13.8806772650836,13.6719040878034,0,24,0.001,0.00047,10
0.0008,13.8670053609958,13.6985285279232,0,24,0.001,0.00047,10
0.000801,13.8533068324679,13.7251182141109,0,24,0.001,0.00047,10
0.000802,13.8395817142538,13.7516730971131,0,24,0.001,0.00047,10
0.000803,13.8258300411566,13.7781931277611,0,24,0.001,0.00047,10
0.000804,13.8120518480289,13.8046782569704,0,24,0.001,0.00047,10
0.000805,13.7982471697719,13.8311284357413,0,24,0.001,0.00047,10
0.000806,13.7844160413362,13.8575436151588,0,24,0.001,0.00047,10
0.000807,13.770558497721,13.8839237463924,0,24,0.001,0.00047,10
0.000808,13.7566745739746,13.9102687806969,0,24,0.001,0.00047,10
0.000809,13.7427643051939,13.9365786694116,0,24,0.001,0.00047,10
0.00081,13.7288277265245,13.962853363961,0,24,0.001,0.00047,10
0.000811,13.7148648731606,13.9890928158549,0,24,0.001,0.00047,10
0.000812,13.7008757803447,14.0152969766881,0,24,0.001,0.00047,10
0.000813,13.686860483368,14.0414657981406,0,24,0.001,0.00047,10
0.000814,13.6728190175699,14.0675992319779,0,24,0.001,0.00047,10
0.000815,13.6587514183379,14.0936972300511,0,24,0.001,0.00047,10
0.000816,13.6446577211078,14.1197597442964,0,24,0.001,0.00047,10
0.000817,13.6305379613635,14.1457867267362,0,24,0.001,0.00047,10
0.000818,13.6163921746368,14.1717781294781,0,24,0.001,0.00047,10
0.000819,13.6022203965073,14.1977339047157,0,24,0.001,0.00047,10
0.00082,13.5880226626026,14.2236540047286,0,24,0.001,0.00047,10
0.000821,13.5737990085979,14.249538381882,0,24,0.001,0.00047,10
0.000822,13.559549470216,14.2753869886276,0,24,0.001,0.00047,10
0.000823,13.5452740832274,14.3011997775028,0,24,0.001,0.00047,10
0.000824,13.5309728834499,14.3269767011315,0,24,0.001,0.00047,10
0.000825,13.5166459067487,14.3527177122237,0,24,0.001,0.00047,10
0.000826,13.5022931890365,14.3784227635759,0,24,0.001,0.00047,10
0.000827,13.4879147662729,14.4040918080709,0,24,0.001,0.00047,10
0.000828,13.4735106744649,14.4297247986783,0,24,0.001,0.00047,10
0.000829,13.4590809496662,14.455321688454,0,24,0.001,0.00047,10
0.00083,13.4446256279777,14.4808824305409,0,24,0.001,0.00047,10
0.000831,13.4301447455472,14.5064069781684,0,24,0.001,0.00047,10
0.000832,13.415638338569,14.5318952846529,0,24,0.001,0.00047,10
0.000833,13.4011064432844,14.5573473033978,0,24,0.001,0.00047,10
0.000834,13.386549095981,14.5827629878934,0,24,0.001,0.00047,10
0.000835,13.3719663329931,14.6081422917173,0,24,0.001,0.00047,10
0.000836,13.3573581907014,14.6334851685339,0,24,0.001,0.00047,10
0.000837,13.3427247055328,14.6587915720953,0,24,0.001,0.00047,10
0.000838,13.3280659139607,14.6840614562406,0,24,0.001,0.00047,10
0.000839,13.3133818525045,14.7092947748967,0,24,0.001,0.00047,10
0.00084,13.2986725577296,14.7344914820776,0,24,0.001,0.00047,10
0.000841,13.2839380662475,14.759651531885,0,24,0.001,0.00047,10
0.000842,13.2691784147156,14.7847748785086,0,24,0.001,0.00047,10
0.000843,13.2543936398371,14.8098614762253,0,24,0.001,0.00047,10
0.000844,13.2395837783609,14.8349112794002,0,24,0.001,0.00047,10
0.000845,13.2247488670815,14.8599242424862,0,24,0.001,0.00047,10
0.000846,13.209888942839,14.8849003200242,0,24,0.001,0.00047,10
0.000847,13.195004042519,14.909839466643,0,24,0.001,0.00047,10
0.000848,13.1800942030524,14.9347416370597,0,24,0.001,0.00047,10
0.000849,13.1651594614153,14.9596067860796,0,24,0.001,0.00047,10
0.00085,13.1501998546292,14.9844348685962,0,24,0.001,0.00047,10
0.000851,13.1352154197606,15.0092258395914,0,24,0.001,0.00047,10
0.000852,13.120206193921,15.0339796541357,0,24,0.001,0.00047,10
0.000853,13.1051722142669,15.0586962673879,0,24,0.001,0.00047,10
0.000854,13.0901135179995,15.0833756345954,0,24,0.001,0.00047,10
0.000855,13.0750301423649,15.1080177110944,0,24,0.001,0.00047,10
0.000856,13.0599221246538,15.1326224523098,0,24,0.001,0.00047,10
0.000857,13.0447895022015,15.1571898137554,0,24,0.001,0.00047,10
0.000858,13.0296323123877,15.1817197510338,0,24,0.001,0.00047,10
0.000859,13.0144505926367,15.2062122198365,0,24,0.001,0.00047,10
0.00086,12.9992443804169,15.2306671759443,0,24,0.001,0.00047,10
0.000861,12.9840137132409,15.2550845752269,0,24,0.001,0.00047,10
0.000862,12.9687586286657,15.2794643736433,0,24,0.001,0.00047,10
0.000863,12.9534791642921,15.3038065272418,0,24,0.001,0.00047,10
0.000864,12.9381753577648,15.32811099216,0,24,0.001,0.00047,10
0.000865,12.9228472467727,15.352377724625,0,24,0.001,0.00047,10
0.000866,12.907494869048,15.3766066809533,0,24,0.001,0.00047,10
0.000867,12.8921182623671,15.4007978175511,0,24,0.001,0.00047,10
0.000868,12.8767174645495,15.4249510909141,0,24,0.001,0.00047,10
0.000869,12.8612925134586,15.4490664576279,0,24,0.001,0.00047,10
0.00087,12.845843447001,15.4731438743676,0,24,0.001,0.00047,10
0.000871,12.8303703031266,15.4971832978986,0,24,0.001,0.00047,10
0.000872,12.8148731198287,15.5211846850759,0,24,0.001,0.00047,10
0.000873,12.7993519351436,15.5451479928447,0,24,0.001,0.00047,10
0.000874,12.7838067871508,15.5690731782401,0,24,0.001,0.00047,10
0.000875,12.7682377139726,15.5929601983877,0,24,0.001,0.00047,10
0.000876,12.7526447537742,15.6168090105028,0,24,0.001,0.00047,10
0.000877,12.7370279447637,15.6406195718916,0,24,0.001,0.00047,10
0.000878,12.7213873251918,15.6643918399503,0,24,0.001,0.00047,10
0.000879,12.7057229333518,15.6881257721656,0,24,0.001,0.00047,10
0.00088,12.6900348075797,15.7118213261148,0,24,0.001,0.00047,10
0.000881,12.6743229862535,15.7354784594658,0,24,0.001,0.00047,10
0.000882,12.6585875077941,15.7590971299771,0,24,0.001,0.00047,10
0.000883,12.6428284106641,15.7826772954979,0,24,0.001,0.00047,10
0.000884,12.6270457333686,15.8062189139684,0,24,0.001,0.00047,10
0.000885,12.6112395144546,15.8297219434194,0,24,0.001,0.00047,10
0.000886,12.5954097925112,15.8531863419728,0,24,0.001,0.00047,10
0.000887,12.5795566061692,15.8766120678416,0,24,0.001,0.00047,10
0.000888,12.5636799941014,15.8999990793296,0,24,0.001,0.00047,10
0.000889,12.5477799950221,15.9233473348321,0,24,0.001,0.00047,10
0.00089,12.5318566476872,15.9466567928354,0,24,0.001,0.00047,10
0.000891,12.5159099908944,15.9699274119171,0,24,0.001,0.00047,10
0.000892,12.4999400634825,15.9931591507463,0,24,0.001,0.00047,10
0.000893,12.4839469043317,16.0163519680833,0,24,0.001,0.00047,10
0.000894,12.4679305523637,16.0395058227802,0,24,0.001,0.00047,10
0.000895,12.4518910465409,16.0626206737803,0,24,0.001,0.00047,10
0.000896,12.4358284258671,16.085696480119,0,24,0.001,0.00047,10
0.000897,12.419742729387,16.1087332009229,0,24,0.001,0.00047,10
0.000898,12.4036339961861,16.1317307954108,0,24,0.001,0.00047,10
0.000899,12.3875022653906,16.154689222893,0,24,0.001,0.00047,10
0.0009,12.3713475761678,16.177608442772,0,24,0.001,0.00047,10
0.000901,12.355169967725,16.2004884145419,0,24,0.001,0.00047,10
0.000902,12.3389694793104,16.2233290977893,0,24,0.001,0.00047,10
0.000903,12.3227461502126,16.2461304521926,0,24,0.001,0.00047,10
0.000904,12.3065000197605,16.2688924375224,0,24,0.001,0.00047,10
0.000905,12.2902311273229,16.2916150136415,0,24,0.001,0.00047,10
0.000906,12.2739395123093,16.3142981405053,0,24,0.001,0.00047,10
0.000907,12.2576252141688,16.3369417781611,0,24,0.001,0.00047,10
0.000908,12.2412882723906,16.3595458867491,0,24,0.001,0.00047,10
0.000909,12.2249287265039,16.3821104265017,0,24,0.001,0.00047,10
0.00091,12.2085466160774,16.4046353577439,0,24,0.001,0.00047,10
0.000911,12.1921419807196,16.4271206408935,0,24,0.001,0.00047,10
0.000912,12.1757148600787,16.4495662364608,0,24,0.001,0.00047,10
0.000913,12.1592652938423,16.471972105049,0,24,0.001,0.00047,10
0.000914,12.1427933217372,16.494338207354,0,24,0.001,0.00047,10
0.000915,12.1262989835299,16.5166645041646,0,24,0.001,0.00047,10
0.000916,12.1097823190257,16.5389509563627,0,24,0.001,0.00047,10
0.000917,12.0932433680694,16.5611975249231,0,24,0.001,0.00047,10
0.000918,12.0766821705444,16.5834041709137,0,24,0.001,0.00047,10
0.000919,12.0600987663735,16.6055708554955,0,24,0.001,0.00047,10
0.00092,12.043493195518,16.6276975399228,0,24,0.001,0.00047,10
0.000921,12.0268654979781,16.6497841855431,0,24,0.001,0.00047,10
0.000922,12.0102157137926,16.6718307537972,0,24,0.001,0.00047,10
0.000923,11.9935438830388,16.6938372062193,0,24,0.001,0.00047,10
0.000924,11.9768500458325,16.7158035044372,0,24,0.001,0.00047,10
0.000925,11.9601342423281,16.7377296101721,0,24,0.001,0.00047,10
0.000926,11.9433965127179,16.7596154852387,0,24,0.001,0.00047,10
0.000927,11.9266368972327,16.7814610915455,0,24,0.001,0.00047,10
0.000928,11.9098554361411,16.8032663910946,0,24,0.001,0.00047,10
0.000929,11.89305216975,16.8250313459819,0,24,0.001,0.00047,10
0.00093,11.8762271384041,16.8467559183971,0,24,0.001,0.00047,10
0.000931,11.8593803824857,16.8684400706239,0,24,0.001,0.00047,10
0.000932,11.842511942415,16.8900837650397,0,24,0.001,0.00047,10
0.000933,11.82562185865,16.9116869641161,0,24,0.001,0.00047,10
0.000934,11.8087101716859,16.9332496304187,0,24,0.001,0.00047,10
0.000935,11.7917769220555,16.9547717266073,0,24,0.001,0.00047,10
0.000936,11.7748221503289,16.9762532154358,0,24,0.001,0.00047,10
0.000937,11.7578458971134,16.9976940597524,0,24,0.001,0.00047,10
0.000938,11.7408482030537,17.0190942224995,0,24,0.001,0.00047,10
0.000939,11.7238291088312,17.0404536667139,0,24,0.001,0.00047,10
0.00094,11.7067886551645,17.0617723555271,0,24,0.001,0.00047,10
0.000941,11.6897268828089,17.0830502521645,0,24,0.001,0.00047,10
0.000942,11.6726438325568,17.1042873199466,0,24,0.001,0.00047,10
0.000943,11.6555395452368,17.1254835222883,0,24,0.001,0.00047,10
0.000944,11.6384140617145,17.1466388226989,0,24,0.001,0.00047,10
0.000945,11.6212674228918,17.1677531847828,0,24,0.001,0.00047,10
0.000946,11.6040996697071,17.188826572239,0,24,0.001,0.00047,10
0.000947,11.5869108431348,17.2098589488613,0,24,0.001,0.00047,10
0.000948,11.5697009841859,17.2308502785385,0,24,0.001,0.00047,10
0.000949,11.5524701339074,17.2518005252541,0,24,0.001,0.00047,10
0.00095,11.5352183333822,17.2727096530868,0,24,0.001,0.00047,10
0.000951,11.5179456237291,17.2935776262104,0,24,0.001,0.00047,10
0.000952,11.5006520461029,17.3144044088936,0,24,0.001,0.00047,10
0.000953,11.483337641694,17.3351899655004,0,24,0.001,0.00047,10
0.000954,11.4660024517285,17.3559342604901,0,24,0.001,0.00047,10
0.000955,11.448646517468,17.376637258417,0,24,0.001,0.00047,10
0.000956,11.4312698802096,17.3972989239311,0,24,0.001,0.00047,10
0.000957,11.4138725812856,17.4179192217776,0,24,0.001,0.00047,10
0.000958,11.3964546620638,17.4384981167969,0,24,0.001,0.00047,10
0.000959,11.3790161639471,17.4590355739254,0,24,0.001,0.00047,10
0.00096,11.3615571283731,17.4795315581947,0,24,0.001,0.00047,10
0.000961,11.3440775968149,17.499986034732,0,24,0.001,0.00047,10
0.000962,11.3265776107802,17.5203989687604,0,24,0.001,0.00047,10
0.000963,11.3090572118114,17.5407703255985,0,24,0.001,0.00047,10
0.000964,11.2915164414858,17.5611000706607,0,24,0.001,0.00047,10
0.000965,11.2739553414152,17.5813881694574,0,24,0.001,0.00047,10
0.000966,11.2563739532457,17.6016345875946,0,24,0.001,0.00047,10
0.000967,11.2387723186581,17.6218392907743,0,24,0.001,0.00047,10
0.000968,11.2211504793674,17.6420022447947,0,24,0.001,0.00047,10
0.000969,11.2035084771226,17.6621234155498,0,24,0.001,0.00047,10
0.00097,11.185846353707,17.6822027690297,0,24,0.001,0.00047,10
0.000971,11.168164150938,17.7022402713208,0,24,0.001,0.00047,10
0.000972,11.1504619106667,17.7222358886055,0,24,0.001,0.00047,10
0.000973,11.1327396747781,17.7421895871625,0,24,0.001,0.00047,10
0.000974,11.1149974851909,17.7621013333669,0,24,0.001,0.00047,10
0.000975,11.0972353838575,17.78197109369,0,24,0.001,0.00047,10
0.000976,11.0794534127638,17.8017988346995,0,24,0.001,0.00047,10
0.000977,11.0616516139291,17.8215845230597,0,24,0.001,0.00047,10
0.000978,11.0438300294061,17.8413281255313,0,24,0.001,0.00047,10
0.000979,11.0259887012805,17.8610296089714,0,24,0.001,0.00047,10
0.00098,11.0081276716716,17.8806889403339,0,24,0.001,0.00047,10
0.000981,10.9902469827312,17.9003060866693,0,24,0.001,0.00047,10
0.000982,10.9723466766446,17.9198810151248,0,24,0.001,0.00047,10
0.000983,10.9544267956294,17.9394136929442,0,24,0.001,0.00047,10
0.000984,10.9364873819365,17.9589040874683,0,24,0.001,0.00047,10
0.000985,10.918528477849,17.9783521661347,0,24,0.001,0.00047,10
0.000986,10.9005501256829,17.9977578964777,0,24,0.001,0.00047,10
0.000987,10.8825523677864,18.0171212461289,0,24,0.001,0.00047,10
0.000988,10.8645352465403,18.0364421828165,0,24,0.001,0.00047,10
0.000989,10.8464988043575,18.055720674366,0,24,0.001,0.00047,10
0.00099,10.8284430836831,18.0749566886998,0,24,0.001,0.00047,10
0.000991,10.8103681269944,18.0941501938377,0,24,0.001,0.00047,10
0.000992,10.7922739768006,18.1133011578965,0,24,0.001,0.00047,10
0.000993,10.7741606756427,18.1324095490901,0,24,0.001,0.00047,10
0.000994,10.7560282660936,18.15147533573,0,24,0.001,0.00047,10
0.000995,10.7378767907579,18.1704984862247,0,24,0.001,0.00047,10
0.000996,10.7197062922716,18.1894789690803,0,24,0.001,0.00047,10
0.000997,10.7015168133026,18.2084167529002,0,24,0.001,0.00047,10
0.000998,10.6833083965497,18.2273118063854,0,24,0.001,0.00047,10
0.000999,10.6650810847433,18.2461640983341,0,24,0.001,0.00047,10
0.001,10.6468349206449,18.2649735976424,0,24,0.001,0.00047,10
0.001001,10.6285699470473,18.2837402733039,0,24,0.001,0.00047,10
0.001002,10.610286206774,18.3024640944097,0,24,0.001,0.00047,10
0.001003,10.5919837426796,18.3211450301487,0,24,0.001,0.00047,10
0.001004,10.5736625976494,18.3397830498075,0,24,0.001,0.00047,10
0.001005,10.5553228145996,18.3583781227706,0,24,0.001,0.00047,10
0.001006,10.5369644364769,18.3769302185203,0,24,0.001,0.00047,10
0.001007,10.5185875062583,18.3954393066365,0,24,0.001,0.00047,10
0.001008,10.5001920669517,18.4139053567973,0,24,0.001,0.00047,10
0.001009,10.4817781615949,18.4323283387788,0,24,0.001,0.00047,10
0.00101,10.4633458332561,18.4507082224548,0,24,0.001,0.00047,10
0.001011,10.4448951250337,18.4690449777973,0,24,0.001,0.00047,10
0.001012,10.4264260800559,18.4873385748766,0,24,0.001,0.00047,10
0.001013,10.407938741481,18.5055889838608,0,24,0.001,0.00047,10
0.001014,10.3894331524971,18.5237961750163,0,24,0.001,0.00047,10
0.001015,10.3709093563221,18.5419601187078,0,24,0.001,0.00047,10
0.001016,10.3523673962034,18.5600807853981,0,24,0.001,0.00047,10
0.001017,10.333807315418,18.5781581456485,0,24,0.001,0.00047,10
0.001018,10.3152291572724,18.5961921701184,0,24,0.001,0.00047,10
0.001019,10.2966329651022,18.6141828295657,0,24,0.001,0.00047,10
0.00102,10.2780187822727,18.6321300948469,0,24,0.001,0.00047,10
0.001021,10.2593866521778,18.6500339369166,0,24,0.001,0.00047,10
0.001022,10.2407366182409,18.6678943268283,0,24,0.001,0.00047,10
0.001023,10.2220687239141,18.6857112357338,0,24,0.001,0.00047,10
0.001024,10.2033830126783,18.7034846348834,0,24,0.001,0.00047,10
0.001025,10.1846795280435,18.7212144956264,0,24,0.001,0.00047,10
0.001026,10.1659583135478,18.7389007894104,0,24,0.001,0.00047,10
0.001027,10.1472194127584,18.7565434877819,0,24,0.001,0.00047,10
0.001028,10.1284628692706,18.7741425623861,0,24,0.001,0.00047,10
0.001029,10.1096887267083,18.791697984967,0,24,0.001,0.00047,10
0.00103,10.0908970287233,18.8092097273675,0,24,0.001,0.00047,10
0.001031,10.0720878189959,18.8266777615291,0,24,0.001,0.00047,10
0.001032,10.0532611412344,18.8441020594926,0,24,0.001,0.00047,10
0.001033,10.0344170391749,18.8614825933975,0,24,0.001,0.00047,10
0.001034,10.0155555565815,18.8788193354823,0,24,0.001,0.00047,10
0.001035,9.99667673724602,18.8961122580845,0,24,0.001,0.00047,10
0.001036,9.97778062498794,18.9133613336407,0,24,0.001,0.00047,10
0.001037,9.9588672636543,18.9305665346867,0,24,0.001,0.00047,10
0.001038,9.93993669711961,18.9477278338573,0,24,0.001,0.00047,10
0.001039,9.92098896928575,18.9648452038865,0,24,0.001,0.00047,10
0.00104,9.90202412408187,18.9819186176076,0,24,0.001,0.00047,10
0.001041,9.88304220546426,18.998948047953,0,24,0.001,0.00047,10
0.001042,9.86404325741631,19.0159334679544,0,24,0.001,0.00047,10
0.001043,9.84502732394835,19.0328748507429,0,24,0.001,0.00047,10
0.001044,9.82599444909761,19.0497721695491,0,24,0.001,0.00047,10
0.001045,9.80694467692806,19.0666253977025,0,24,0.001,0.00047,10
0.001046,9.78787805153036,19.0834345086327,0,24,0.001,0.00047,10
0.001047,9.76879461702173,19.1001994758681,0,24,0.001,0.00047,10
0.001048,9.74969441754586,19.1169202730371,0,24,0.001,0.00047,10
0.001049,9.73057749727282,19.1335968738674,0,24,0.001,0.00047,10
0.00105,9.71144390039895,19.1502292521864,0,24,0.001,0.00047,10
0.001051,9.69229367114677,19.1668173819208,0,24,0.001,0.00047,10
0.001052,9.67312685376485,19.1833612370973,0,24,0.001,0.00047,10
0.001053,9.65394349252775,19.1998607918421,0,24,0.001,0.00047,10
0.001054,9.63474363173591,19.2163160203811,0,24,0.001,0.00047,10
0.001055,9.61552731571553,19.23272689704,0,24,0.001,0.00047,10
0.001056,9.59629458881849,19.2490933962443,0,24,0.001,0.00047,10
0.001057,9.57704549542224,19.2654154925192,0,24,0.001,0.00047,10
0.001058,9.55778007992972,19.2816931604898,0,24,0.001,0.00047,10
0.001059,9.53849838676923,19.297926374881,0,24,0.001,0.00047,10
0.00106,9.51920046039435,19.3141151105178,0,24,0.001,0.00047,10
0.001061,9.49988634528383,19.3302593423249,0,24,0.001,0.00047,10
0.001062,9.48055608594151,19.3463590453271,0,24,0.001,0.00047,10
0.001063,9.46120972689618,19.3624141946493,0,24,0.001,0.00047,10
0.001064,9.44184731270153,19.3784247655161,0,24,0.001,0.00047,10
0.001065,9.42246888793601,19.3943907332526,0,24,0.001,0.00047,10
0.001066,9.40307449720276,19.4103120732837,0,24,0.001,0.00047,10
0.001067,9.38366418512948,19.4261887611345,0,24,0.001,0.00047,10
0.001068,9.36423799636835,19.4420207724303,0,24,0.001,0.00047,10
0.001069,9.34479597559591,19.4578080828965,0,24,0.001,0.00047,10
0.00107,9.32533816751302,19.4735506683589,0,24,0.001,0.00047,10
0.001071,9.30586461684466,19.4892485047433,0,24,0.001,0.00047,10
0.001072,9.28637536833992,19.504901568076,0,24,0.001,0.00047,10
0.001073,9.26687046677184,19.5205098344835,0,24,0.001,0.00047,10
0.001074,9.24734995693736,19.5360732801927,0,24,0.001,0.00047,10
0.001075,9.22781388365716,19.5515918815308,0,24,0.001,0.00047,10
0.001076,9.20826229177563,19.5670656149255,0,24,0.001,0.00047,10
0.001077,9.18869522616071,19.5824944569048,0,24,0.001,0.00047,10
0.001078,9.1691127317038,19.5978783840973,0,24,0.001,0.00047,10
0.001079,9.1495148533197,19.613217373232,0,24,0.001,0.00047,10
0.00108,9.12990163594647,19.6285114011384,0,24,0.001,0.00047,10
0.001081,9.11027312454533,19.6437604447465,0,24,0.001,0.00047,10
0.001082,9.09062936410059,19.6589644810871,0,24,0.001,0.00047,10
0.001083,9.0709703996195,19.6741234872914,0,24,0.001,0.00047,10
0.001084,9.05129627613221,19.6892374405911,0,24,0.001,0.00047,10
0.001085,9.03160703869162,19.7043063183189,0,24,0.001,0.00047,10
0.001086,9.0119027323733,19.719330097908,0,24,0.001,0.00047,10
0.001087,8.99218340227539,19.7343087568922,0,24,0.001,0.00047,10
0.001088,8.9724490935185,19.7492422729062,0,24,0.001,0.00047,10
0.001089,8.95269985124559,19.7641306236854,0,24,0.001,0.00047,10
0.00109,8.93293572062191,19.778973787066,0,24,0.001,0.00047,10
0.001091,8.91315674683484,19.793771740985,0,24,0.001,0.00047,10
0.001092,8.89336297509386,19.8085244634802,0,24,0.001,0.00047,10
0.001093,8.87355445063038,19.8232319326903,0,24,0.001,0.00047,10
0.001094,8.85373121869769,19.8378941268549,0,24,0.001,0.00047,10
0.001095,8.83389332457083,19.8525110243145,0,24,0.001,0.00047,10
0.001096,8.81404081354652,19.8670826035105,0,24,0.001,0.00047,10
0.001097,8.794173730943,19.8816088429854,0,24,0.001,0.00047,10
0.001098,8.77429212210002,19.8960897213825,0,24,0.001,0.00047,10
0.001099,8.75439603237864,19.9105252174463,0,24,0.001,0.00047,10
0.0011,8.73448550716119,19.9249153100221,0,24,0.001,0.00047,10
0.001101,8.71456059185117,19.9392599780565,0,24,0.001,0.00047,10
0.001102,8.69462133187311,19.953559200597,0,24,0.001,0.00047,10
0.001103,8.67466777267252,19.9678129567923,0,24,0.001,0.00047,10
0.001104,8.65469995971572,19.9820212258923,0,24,0.001,0.00047,10
0.001105,8.63471793848983,19.9961839872479,0,24,0.001,0.00047,10
0.001106,8.61472175450258,20.0103012203112,0,24,0.001,0.00047,10
0.001107,8.59471145328227,20.0243729046356,0,24,0.001,0.00047,10
0.001108,8.57468708037763,20.0383990198757,0,24,0.001,0.00047,10
0.001109,8.55464868135776,20.0523795457872,0,24,0.001,0.00047,10
0.00111,8.53459630181197,20.0663144622271,0,24,0.001,0.00047,10
0.001111,8.51452998734974,20.0802037491539,0,24,0.001,0.00047,10
0.001112,8.49444978360059,20.0940473866272,0,24,0.001,0.00047,10
0.001113,8.47435573621396,20.1078453548079,0,24,0.001,0.00047,10
0.001114,8.45424789085916,20.1215976339584,0,24,0.001,0.00047,10
0.001115,8.4341262932252,20.1353042044423,0,24,0.001,0.00047,10
0.001116,8.41399098902076,20.1489650467248,0,24,0.001,0.00047,10
0.001117,8.39384202397403,20.1625801413724,0,24,0.001,0.00047,10
0.001118,8.37367944383266,20.1761494690529,0,24,0.001,0.00047,10
0.001119,8.35350329436361,20.1896730105357,0,24,0.001,0.00047,10
0.00112,8.33331362135307,20.2031507466917,0,24,0.001,0.00047,10
0.001121,8.31311047060638,20.2165826584932,0,24,0.001,0.00047,10
0.001122,8.29289388794788,20.2299687270139,0,24,0.001,0.00047,10
0.001123,8.27266391922087,20.2433089334293,0,24,0.001,0.00047,10
0.001124,8.25242061028744,20.2566032590163,0,24,0.001,0.00047,10
0.001125,8.23216400702842,20.2698516851533,0,24,0.001,0.00047,10
0.001126,8.21189415534327,20.2830541933203,0,24,0.001,0.00047,10
0.001127,8.19161110114995,20.2962107650991,0,24,0.001,0.00047,10
0.001128,8.17131489038485,20.3093213821728,0,24,0.001,0.00047,10
0.001129,8.15100556900268,20.3223860263263,0,24,0.001,0.00047,10
0.00113,8.13068318297635,20.3354046794463,0,24,0.001,0.00047,10
0.001131,8.11034777829691,20.3483773235208,0,24,0.001,0.00047,10
0.001132,8.08999940097338,20.3613039406398,0,24,0.001,0.00047,10
0.001133,8.06963809703275,20.374184512995,0,24,0.001,0.00047,10
0.001134,8.04926391251975,20.3870190228795,0,24,0.001,0.00047,10
0.001135,8.02887689349687,20.3998074526885,0,24,0.001,0.00047,10
0.001136,8.00847708604418,20.4125497849188,0,24,0.001,0.00047,10
0.001137,7.98806453625926,20.4252460021689,0,24,0.001,0.00047,10
0.001138,7.96763929025709,20.4378960871392,0,24,0.001,0.00047,10
0.001139,7.94720139416996,20.4505000226318,0,24,0.001,0.00047,10
0.00114,7.92675089414732,20.4630577915508,0,24,0.001,0.00047,10
0.001141,7.90628783635577,20.4755693769018,0,24,0.001,0.00047,10
0.001142,7.88581226697887,20.4880347617926,0,24,0.001,0.00047,10
0.001143,7.86532423221708,20.5004539294326,0,24,0.001,0.00047,10
0.001144,7.84482377828765,20.5128268631332,0,24,0.001,0.00047,10
0.001145,7.82431095142451,20.5251535463076,0,24,0.001,0.00047,10
0.001146,7.80378579787821,20.537433962471,0,24,0.001,0.00047,10
0.001147,7.78324836391573,20.5496680952404,0,24,0.001,0.00047,10
0.001148,7.76269869582049,20.5618559283349,0,24,0.001,0.00047,10
0.001149,7.74213683989216,20.5739974455753,0,24,0.001,0.00047,10
0.00115,7.72156284244658,20.5860926308845,0,24,0.001,0.00047,10
0.001151,7.7009767498157,20.5981414682874,0,24,0.001,0.00047,10
0.001152,7.68037860834741,20.6101439419108,0,24,0.001,0.00047,10
0.001153,7.6597684644055,20.6221000359834,0,24,0.001,0.00047,10
0.001154,7.63914636436952,20.6340097348362,0,24,0.001,0.00047,10
0.001155,7.61851235463468,20.6458730229019,0,24,0.001,0.00047,10
0.001156,7.59786648161178,20.6576898847154,0,24,0.001,0.00047,10
0.001157,7.57720879172706,20.6694603049136,0,24,0.001,0.00047,10
0.001158,7.55653933142215,20.6811842682354,0,24,0.001,0.00047,10
0.001159,7.53585814715391,20.6928617595218,0,24,0.001,0.00047,10
0.00116,7.51516528539439,20.7044927637158,0,24,0.001,0.00047,10
0.001161,7.49446079263068,20.7160772658627,0,24,0.001,0.00047,10
0.001162,7.47374471536482,20.7276152511096,0,24,0.001,0.00047,10
0.001163,7.45301710011371,20.7391067047059,0,24,0.001,0.00047,10
0.001164,7.432277993409,20.750551612003,0,24,0.001,0.00047,10
0.001165,7.411527441797,20.7619499584545,0,24,0.001,0.00047,10
0.001166,7.39076549183854,20.7733017296161,0,24,0.001,0.00047,10
0.001167,7.36999219010893,20.7846069111456,0,24,0.001,0.00047,10
0.001168,7.34920758319778,20.7958654888031,0,24,0.001,0.00047,10
0.001169,7.32841171770898,20.8070774484505,0,24,0.001,0.00047,10
0.00117,7.30760464026053,20.8182427760524,0,24,0.001,0.00047,10
0.001171,7.28678639748448,20.829361457675,0,24,0.001,0.00047,10
0.001172,7.2659570360268,20.8404334794872,0,24,0.001,0.00047,10
0.001173,7.24511660254731,20.8514588277597,0,24,0.001,0.00047,10
0.001174,7.22426514371955,20.8624374888656,0,24,0.001,0.00047,10
0.001175,7.20340270623069,20.8733694492801,0,24,0.001,0.00047,10
0.001176,7.18252933678141,20.8842546955808,0,24,0.001,0.00047,10
0.001177,7.16164508208583,20.8950932144472,0,24,0.001,0.00047,10
0.001178,7.14074998887138,20.9058849926614,0,24,0.001,0.00047,10
0.001179,7.11984410387872,20.9166300171073,0,24,0.001,0.00047,10
0.00118,7.09892747386161,20.9273282747715,0,24,0.001,0.00047,10
0.001181,7.07800014558684,20.9379797527425,0,24,0.001,0.00047,10
0.001182,7.0570621658341,20.9485844382113,0,24,0.001,0.00047,10
0.001183,7.03611358139589,20.9591423184709,0,24,0.001,0.00047,10
0.001184,7.01515443907741,20.9696533809167,0,24,0.001,0.00047,10
0.001185,6.9941847856965,20.9801176130465,0,24,0.001,0.00047,10
0.001186,6.97320466808345,20.9905350024601,0,24,0.001,0.00047,10
0.001187,6.95221413308099,21.0009055368598,0,24,0.001,0.00047,10
0.001188,6.93121322754413,21.01122920405,0,24,0.001,0.00047,10
0.001189,6.91020199834008,21.0215059919375,0,24,0.001,0.00047,10
0.00119,6.88918049234814,21.0317358885314,0,24,0.001,0.00047,10
0.001191,6.86814875645961,21.0419188819431,0,24,0.001,0.00047,10
0.001192,6.84710683757767,21.0520549603862,0,24,0.001,0.00047,10
0.001193,6.82605478261728,21.0621441121767,0,24,0.001,0.00047,10
0.001194,6.80499263850511,21.0721863257329,0,24,0.001,0.00047,10
0.001195,6.78392045217937,21.0821815895753,0,24,0.001,0.00047,10
0.001196,6.7628382705898,21.0921298923268,0,24,0.001,0.00047,10
0.001197,6.74174614069747,21.1020312227127,0,24,0.001,0.00047,10
0.001198,6.72064410947476,21.1118855695604,0,24,0.001,0.00047,10
0.001199,6.6995322239052,21.1216929217998,0,24,0.001,0.00047,10
0.0012,6.6784105309834,21.1314532684631,0,24,0.001,0.00047,10
0.001201,6.65727907771494,21.1411665986846,0,24,0.001,0.00047,10
0.001202,6.63613791111625,21.1508329017013,0,24,0.001,0.00047,10
0.001203,6.61498707821455,21.1604521668523,0,24,0.001,0.00047,10
0.001204,6.5938266260477,21.1700243835789,0,24,0.001,0.00047,10
0.001205,6.57265660166412,21.1795495414251,0,24,0.001,0.00047,10
0.001206,6.55147705212269,21.1890276300368,0,24,0.001,0.00047,10
0.001207,6.53028802449266,21.1984586391626,0,24,0.001,0.00047,10
0.001208,6.5090895658535,21.2078425586532,0,24,0.001,0.00047,10
0.001209,6.48788172329484,21.2171793784617,0,24,0.001,0.00047,10
0.00121,6.46666454391638,21.2264690886435,0,24,0.001,0.00047,10
0.001211,6.44543807482774,21.2357116793564,0,24,0.001,0.00047,10
0.001212,6.42420236314838,21.2449071408604,0,24,0.001,0.00047,10
0.001213,6.40295745600752,21.254055463518,0,24,0.001,0.00047,10
0.001214,6.381703400544,21.2631566377938,0,24,0.001,0.00047,10
0.001215,6.36044024390621,21.272210654255,0,24,0.001,0.00047,10
0.001216,6.33916803325195,21.281217503571,0,24,0.001,0.00047,10
0.001217,6.31788681574838,21.2901771765133,0,24,0.001,0.00047,10
0.001218,6.29659663857187,21.299089663956,0,24,0.001,0.00047,10
0.001219,6.27529754890791,21.3079549568756,0,24,0.001,0.00047,10
0.00122,6.25398959395104,21.3167730463505,0,24,0.001,0.00047,10
0.001221,6.23267282090469,21.3255439235618,0,24,0.001,0.00047,10
0.001222,6.21134727698113,21.3342675797928,0,24,0.001,0.00047,10
0.001223,6.19001300940133,21.342944006429,0,24,0.001,0.00047,10
0.001224,6.1686700653949,21.3515731949582,0,24,0.001,0.00047,10
0.001225,6.14731849219995,21.3601551369708,0,24,0.001,0.00047,10
0.001226,6.12595833706297,21.3686898241591,0,24,0.001,0.00047,10
0.001227,6.10458964723882,21.3771772483179,0,24,0.001,0.00047,10
0.001228,6.0832124699905,21.3856174013443,0,24,0.001,0.00047,10
0.001229,6.06182685258915,21.3940102752376,0,24,0.001,0.00047,10
0.00123,6.04043284231392,21.4023558620995,0,24,0.001,0.00047,10
0.001231,6.01903048645182,21.4106541541337,0,24,0.001,0.00047,10
0.001232,5.99761983229768,21.4189051436466,0,24,0.001,0.00047,10
0.001233,5.97620092715404,21.4271088230464,0,24,0.001,0.00047,10
0.001234,5.95477381833099,21.435265184844,0,24,0.001,0.00047,10
0.001235,5.93333855314614,21.4433742216522,0,24,0.001,0.00047,10
0.001236,5.91189517892449,21.4514359261862,0,24,0.001,0.00047,10
0.001237,5.89044374299831,21.4594502912634,0,24,0.001,0.00047,10
0.001238,5.86898429270704,21.4674173098036,0,24,0.001,0.00047,10
0.001239,5.84751687539724,21.4753369748285,0,24,0.001,0.00047,10
0.00124,5.82604153842241,21.4832092794624,0,24,0.001,0.00047,10
0.001241,5.80455832914295,21.4910342169315,0,24,0.001,0.00047,10
0.001242,5.78306729492602,21.4988117805643,0,24,0.001,0.00047,10
0.001243,5.76156848314545,21.5065419637917,0,24,0.001,0.00047,10
0.001244,5.74006194118166,21.5142247601466,0,24,0.001,0.00047,10
0.001245,5.71854771642151,21.5218601632639,0,24,0.001,0.00047,10
0.001246,5.69702585625825,21.5294481668811,0,24,0.001,0.00047,10
0.001247,5.67549640809137,21.5369887648377,0,24,0.001,0.00047,10
0.001248,5.65395941932653,21.5444819510751,0,24,0.001,0.00047,10
0.001249,5.63241493737546,21.5519277196373,0,24,0.001,0.00047,10
0.00125,5.61086300965582,21.5593260646701,0,24,0.001,0.00047,10
0.001251,5.58930368359115,21.5666769804216,0,24,0.001,0.00047,10
0.001252,5.56773700661073,21.5739804612419,0,24,0.001,0.00047,10
0.001253,5.54616302614948,21.5812365015833,0,24,0.001,0.00047,10
0.001254,5.5245817896479,21.5884450960003,0,24,0.001,0.00047,10
0.001255,5.5029933445519,21.5956062391494,0,24,0.001,0.00047,10
0.001256,5.48139773831275,21.602719925789,0,24,0.001,0.00047,10
0.001257,5.45979501838696,21.60978615078,0,24,0.001,0.00047,10
0.001258,5.43818523223618,21.6168049090849,0,24,0.001,0.00047,10
0.001259,5.4165684273271,21.6237761957685,0,24,0.001,0.00047,10
0.00126,5.39494465113133,21.6307000059978,0,24,0.001,0.00047,10
0.001261,5.37331395112533,21.6375763350415,0,24,0.001,0.00047,10
0.001262,5.35167637479029,21.6444051782705,0,24,0.001,0.00047,10
0.001263,5.33003196961202,21.6511865311576,0,24,0.001,0.00047,10
0.001264,5.30838078308086,21.6579203892778,0,24,0.001,0.00047,10
0.001265,5.28672286269158,21.6646067483079,0,24,0.001,0.00047,10
0.001266,5.26505825594328,21.6712456040268,0,24,0.001,0.00047,10
0.001267,5.24338701033925,21.6778369523152,0,24,0.001,0.00047,10
0.001268,5.22170917338693,21.6843807891558,0,24,0.001,0.00047,10
0.001269,5.20002479259778,21.6908771106334,0,24,0.001,0.00047,10
0.00127,5.17833391548714,21.6973259129346,0,24,0.001,0.00047,10
0.001271,5.15663658957421,21.7037271923477,0,24,0.001,0.00047,10
0.001272,5.13493286238186,21.7100809452634,0,24,0.001,0.00047,10
0.001273,5.1132227814366,21.7163871681737,0,24,0.001,0.00047,10
0.001274,5.09150639426842,21.7226458576729,0,24,0.001,0.00047,10
0.001275,5.06978374841075,21.7288570104569,0,24,0.001,0.00047,10
0.001276,5.0480548914003,21.7350206233237,0,24,0.001,0.00047,10
0.001277,5.02631987077697,21.7411366931727,0,24,0.001,0.00047,10
0.001278,5.0045787340838,21.7472052170056,0,24,0.001,0.00047,10
0.001279,4.98283152886679,21.7532261919256,0,24,0.001,0.00047,10
0.00128,4.96107830267487,21.7591996151377,0,24,0.001,0.00047,10
0.001281,4.93931910305973,21.7651254839487,0,24,0.001,0.00047,10
0.001282,4.91755397757578,21.7710037957671,0,24,0.001,0.00047,10
0.001283,4.89578297378001,21.7768345481033,0,24,0.001,0.00047,10
0.001284,4.87400613923191,21.7826177385692,0,24,0.001,0.00047,10
0.001285,4.85222352149334,21.7883533648785,0,24,0.001,0.00047,10
0.001286,4.83043516812846,21.7940414248466,0,24,0.001,0.00047,10
0.001287,4.80864112670361,21.7996819163905,0,24,0.001,0.00047,10
0.001288,4.78684144478722,21.8052748375289,0,24,0.001,0.00047,10
0.001289,4.76503616994969,21.8108201863822,0,24,0.001,0.00047,10
0.00129,4.74322534976331,21.8163179611722,0,24,0.001,0.00047,10
0.001291,4.72140903180214,21.8217681602225,0,24,0.001,0.00047,10
0.001292,4.69958726364192,21.8271707819582,0,24,0.001,0.00047,10
0.001293,4.67776009285996,21.832525824906,0,24,0.001,0.00047,10
0.001294,4.65592756703505,21.837833287694,0,24,0.001,0.00047,10
0.001295,4.63408973374736,21.843093169052,0,24,0.001,0.00047,10
0.001296,4.61224664057831,21.8483054678113,0,24,0.001,0.00047,10
0.001297,4.5903983351105,21.8534701829044,0,24,0.001,0.00047,10
0.001298,4.56854486492759,21.8585873133658,0,24,0.001,0.00047,10
0.001299,4.54668627761423,21.8636568583308,0,24,0.001,0.00047,10
0.0013,4.5248226207559,21.8686788170368,0,24,0.001,0.00047,10
0.001301,4.50295394193886,21.873653188822,0,24,0.001,0.00047,10
0.001302,4.48108028875004,21.8785799731264,0,24,0.001,0.00047,10
0.001303,4.45920170877691,21.8834591694911,0,24,0.001,0.00047,10
0.001304,4.43731824960742,21.8882907775588,0,24,0.001,0.00047,10
0.001305,4.41542995882986,21.8930747970734,0,24,0.001,0.00047,10
0.001306,4.39353688403279,21.8978112278801,0,24,0.001,0.00047,10
0.001307,4.37163907280491,21.9025000699253,0,24,0.001,0.00047,10
0.001308,4.34973657273498,21.9071413232568,0,24,0.001,0.00047,10
0.001309,4.32782943141172,21.9117349880236,0,24,0.001,0.00047,10
0.00131,4.3059176964237,21.916281064476,0,24,0.001,0.00047,10
0.001311,4.28400141535922,21.9207795529653,0,24,0.001,0.00047,10
0.001312,4.26208063580626,21.9252304539441,0,24,0.001,0.00047,10
0.001313,4.24015540535231,21.9296337679663,0,24,0.001,0.00047,10
0.001314,4.21822577158435,21.9339894956866,0,24,0.001,0.00047,10
0.001315,4.19629178208866,21.9382976378611,0,24,0.001,0.00047,10
0.001316,4.1743534844508,21.9425581953469,0,24,0.001,0.00047,10
0.001317,4.15241092625545,21.946771169102,0,24,0.001,0.00047,10
0.001318,4.13046415508635,21.9509365601857,0,24,0.001,0.00047,10
0.001319,4.10851321852617,21.9550543697582,0,24,0.001,0.00047,10
0.00132,4.08655816415641,21.9591245990807,0,24,0.001,0.00047,10
0.001321,4.06459903955733,21.9631472495152,0,24,0.001,0.00047,10
0.001322,4.04263589230781,21.967122322525,0,24,0.001,0.00047,10
0.001323,4.02066876998529,21.9710498196741,0,24,0.001,0.00047,10
0.001324,3.99869772016561,21.9749297426273,0,24,0.001,0.00047,10
0.001325,3.97672279042299,21.9787620931505,0,24,0.001,0.00047,10
0.001326,3.95474402832984,21.9825468731103,0,24,0.001,0.00047,10
0.001327,3.93276148145673,21.9862840844742,0,24,0.001,0.00047,10
0.001328,3.91077519737225,21.9899737293104,0,24,0.001,0.00047,10
0.001329,3.88878522364294,21.9936158097879,0,24,0.001,0.00047,10
0.00133,3.86679160783315,21.9972103281765,0,24,0.001,0.00047,10
0.001331,3.84479439750498,22.0007572868468,0,24,0.001,0.00047,10
0.001332,3.82279364021813,22.0042566882698,0,24,0.001,0.00047,10
0.001333,3.80078938352986,22.0077085350175,0,24,0.001,0.00047,10
0.001334,3.77878167499484,22.0111128297622,0,24,0.001,0.00047,10
0.001335,3.75677056216508,22.0144695752771,0,24,0.001,0.00047,10
0.001336,3.7347560925898,22.0177787744359,0,24,0.001,0.00047,10
0.001337,3.71273831381537,22.0210404302128,0,24,0.001,0.00047,10
0.001338,3.69071727338515,22.0242545456826,0,24,0.001,0.00047,10
0.001339,3.66869301883947,22.0274211240205,0,24,0.001,0.00047,10
0.00134,3.64666559771545,22.0305401685023,0,24,0.001,0.00047,10
0.001341,3.62463505754695,22.0336116825041,0,24,0.001,0.00047,10
0.001342,3.60260144586444,22.0366356695026,0,24,0.001,0.00047,10
0.001343,3.58056481019494,22.0396121330748,0,24,0.001,0.00047,10
0.001344,3.55852519806187,22.042541076898,0,24,0.001,0.00047,10
0.001345,3.53648265698497,22.0454225047498,0,24,0.001,0.00047,10
0.001346,3.51443723448022,22.0482564205084,0,24,0.001,0.00047,10
0.001347,3.49238897805971,22.0510428281518,0,24,0.001,0.00047,10
0.001348,3.47033793523156,22.0537817317587,0,24,0.001,0.00047,10
0.001349,3.4482841534998,22.0564731355078,0,24,0.001,0.00047,10
0.00135,3.42622768036429,22.0591170436779,0,24,0.001,0.00047,10
0.001351,3.40416856332061,22.0617134606481,0,24,0.001,0.00047,10
0.001352,3.38210684985997,22.0642623908976,0,24,0.001,0.00047,10
0.001353,3.36004258746907,22.0667638390056,0,24,0.001,0.00047,10
0.001354,3.33797582363006,22.0692178096515,0,24,0.001,0.00047,10
0.001355,3.31590660582041,22.0716243076146,0,24,0.001,0.00047,10
0.001356,3.2938349815128,22.0739833377743,0,24,0.001,0.00047,10
0.001357,3.27176099817502,22.0762949051099,0,24,0.001,0.00047,10
0.001358,3.24968470326991,22.0785590147007,0,24,0.001,0.00047,10
0.001359,3.22760614425521,22.0807756717258,0,24,0.001,0.00047,10
0.00136,3.20552536858349,22.0829448814643,0,24,0.001,0.00047,10
0.001361,3.18344242370202,22.085066649295,0,24,0.001,0.00047,10
0.001362,3.16135735705273,22.0871409806966,0,24,0.001,0.00047,10
0.001363,3.13927021607203,22.0891678812477,0,24,0.001,0.00047,10
0.001364,3.11718104819078,22.0911473566263,0,24,0.001,0.00047,10
0.001365,3.09508990083416,22.0930794126104,0,24,0.001,0.00047,10
0.001366,3.07299682142155,22.0949640550775,0,24,0.001,0.00047,10
0.001367,3.05090185736647,22.096801290005,0,24,0.001,0.00047,10
0.001368,3.02880505607646,22.0985911234696,0,24,0.001,0.00047,10
0.001369,3.00670646495299,22.1003335616478,0,24,0.001,0.00047,10
0.00137,2.98460613139135,22.1020286108154,0,24,0.001,0.00047,10
0.001371,2.96250410278053,22.103676277348,0,24,0.001,0.00047,10
0.001372,2.94040042650318,22.1052765677204,0,24,0.001,0.00047,10
0.001373,2.91829514993546,22.1068294885071,0,24,0.001,0.00047,10
0.001374,2.89618832044696,22.1083350463817,0,24,0.001,0.00047,10
0.001375,2.87407998540057,22.1097932481175,0,24,0.001,0.00047,10
0.001376,2.85197019215246,22.1112041005868,0,24,0.001,0.00047,10
0.001377,2.82985898805187,22.1125676107615,0,24,0.001,0.00047,10
0.001378,2.80774642044111,22.1138837857125,0,24,0.001,0.00047,10
0.001379,2.7856325366554,22.1151526326101,0,24,0.001,0.00047,10
0.00138,2.76351738402279,22.1163741587237,0,24,0.001,0.00047,10
0.001381,2.74140100986406,22.1175483714219,0,24,0.001,0.00047,10
0.001382,2.71928346149264,22.1186752781724,0,24,0.001,0.00047,10
0.001383,2.69716478621447,22.1197548865419,0,24,0.001,0.00047,10
0.001384,2.67504503132793,22.1207872041963,0,24,0.001,0.00047,10
0.001385,2.65292424412373,22.1217722389003,0,24,0.001,0.00047,10
0.001386,2.63080247188483,22.1227099985179,0,24,0.001,0.00047,10
0.001387,2.60867976188631,22.1236004910115,0,24,0.001,0.00047,10
0.001388,2.5865561613953,22.124443724443,0,24,0.001,0.00047,10
0.001389,2.56443171767086,22.1252397069727,0,24,0.001,0.00047,10
0.00139,2.54230647796388,22.1259884468599,0,24,0.001,0.00047,10
0.001391,2.52018048951703,22.1266899524626,0,24,0.001,0.00047,10
0.001392,2.49805379956456,22.1273442322376,0,24,0.001,0.00047,10
0.001393,2.47592645533233,22.1279512947405,0,24,0.001,0.00047,10
0.001394,2.45379850403758,22.1285111486253,0,24,0.001,0.00047,10
0.001395,2.43166999288896,22.1290238026448,0,24,0.001,0.00047,10
0.001396,2.40954096908631,22.1294892656504,0,24,0.001,0.00047,10
0.001397,2.38741147982066,22.1299075465919,0,24,0.001,0.00047,10
0.001398,2.36528157227407,22.1302786545178,0,24,0.001,0.00047,10
0.001399,2.34315129361955,22.1306025985749,0,24,0.001,0.00047,10
0.0014,2.32102069102098,22.1308793880084,0,24,0.001,0.00047,10
0.001401,2.29888981163297,22.1311090321621,0,24,0.001,0.00047,10
0.001402,2.27675870260081,22.1312915404778,0,24,0.001,0.00047,10
0.001403,2.25462741106033,22.131426922496,0,24,0.001,0.00047,10
0.001404,2.23249598413784,22.1315151878552,0,24,0.001,0.00047,10
0.001405,2.21036446894998,22.1315563462921,0,24,0.001,0.00047,10
0.001406,2.18823291260369,22.1315504076417,0,24,0.001,0.00047,10
0.001407,2.16610136219605,22.1314973818371,0,24,0.001,0.00047,10
0.001408,2.14396986481421,22.1313972789095,0,24,0.001,0.00047,10
0.001409,2.1218384675353,22.1312501089881,0,24,0.001,0.00047,10
0.00141,2.09970721742631,22.1310558823001,0,24,0.001,0.00047,10
0.001411,2.07757616154401,22.1308146091707,0,24,0.001,0.00047,10
0.001412,2.05544534693484,22.1305263000231,0,24,0.001,0.00047,10
0.001413,2.03331482063482,22.1301909653783,0,24,0.001,0.00047,10
0.001414,2.01118462966944,22.1298086158551,0,24,0.001,0.00047,10
0.001415,1.98905482105359,22.1293792621702,0,24,0.001,0.00047,10
0.001416,1.96692544179142,22.1289029151379,0,24,0.001,0.00047,10
0.001417,1.94479653887628,22.1283795856704,0,24,0.001,0.00047,10
0.001418,1.92266815929061,22.1278092847774,0,24,0.001,0.00047,10
0.001419,1.90054035000583,22.1271920235664,0,24,0.001,0.00047,10
0.00142,1.87841315798226,22.1265278132422,0,24,0.001,0.00047,10
0.001421,1.85628663016902,22.1258166651075,0,24,0.001,0.00047,10
0.001422,1.83416081350391,22.1250585905621,0,24,0.001,0.00047,10
0.001423,1.81203575491335,22.1242536011034,0,24,0.001,0.00047,10
0.001424,1.78991150131225,22.1234017083264,0,24,0.001,0.00047,10
0.001425,1.76778809960392,22.1225029239232,0,24,0.001,0.00047,10
0.001426,1.74566559668,22.1215572596832,0,24,0.001,0.00047,10
0.001427,1.72354403942031,22.1205647274932,0,24,0.001,0.00047,10
0.001428,1.70142347469282,22.1195253393372,0,24,0.001,0.00047,10
0.001429,1.67930394935348,22.1184391072963,0,24,0.001,0.00047,10
0.00143,1.65718551024619,22.1173060435487,0,24,0.001,0.00047,10
0.001431,1.63506820420264,22.1161261603697,0,24,0.001,0.00047,10
0.001432,1.61295207804227,22.1148994701318,0,24,0.001,0.00047,10
0.001433,1.59083717857214,22.1136259853042,0,24,0.001,0.00047,10
0.001434,1.56872355258683,22.1123057184532,0,24,0.001,0.00047,10
0.001435,1.54661124686838,22.110938682242,0,24,0.001,0.00047,10
0.001436,1.52450030818614,22.1095248894306,0,24,0.001,0.00047,10
0.001437,1.50239078329671,22.1080643528758,0,24,0.001,0.00047,10
0.001438,1.48028271894383,22.1065570855312,0,24,0.001,0.00047,10
0.001439,1.4581761618583,22.1050031004469,0,24,0.001,0.00047,10
0.00144,1.43607115875785,22.1034024107699,0,24,0.001,0.00047,10
0.001441,1.41396775634708,22.1017550297437,0,24,0.001,0.00047,10
0.001442,1.39186600131734,22.1000609707083,0,24,0.001,0.00047,10
0.001443,1.36976594034663,22.0983202471003,0,24,0.001,0.00047,10
0.001444,1.34766762009953,22.0965328724527,0,24,0.001,0.00047,10
0.001445,1.32557108722708,22.094698860395,0,24,0.001,0.00047,10
0.001446,1.30347638836668,22.0928182246528,0,24,0.001,0.00047,10
0.001447,1.28138357014203,22.0908909790484,0,24,0.001,0.00047,10
0.001448,1.25929267916298,22.0889171374999,0,24,0.001,0.00047,10
0.001449,1.23720376202548,22.0868967140221,0,24,0.001,0.00047,10
0.00145,1.21511686531146,22.0848297227255,0,24,0.001,0.00047,10
0.001451,1.19303203558874,22.0827161778171,0,24,0.001,0.00047,10
0.001452,1.17094931941092,22.0805560935997,0,24,0.001,0.00047,10
0.001453,1.14886876331732,22.0783494844721,0,24,0.001,0.00047,10
0.001454,1.12679041383285,22.0760963649293,0,24,0.001,0.00047,10
0.001455,1.10471431746792,22.0737967495619,0,24,0.001,0.00047,10
0.001456,1.08264052071836,22.0714506530566,0,24,0.001,0.00047,10
0.001457,1.0605690700653,22.0690580901958,0,24,0.001,0.00047,10
0.001458,1.0385000119751,22.0666190758576,0,24,0.001,0.00047,10
0.001459,1.01643339289925,22.0641336250159,0,24,0.001,0.00047,10
0.00146,0.994369259274229,22.0616017527401,0,24,0.001,0.00047,10
0.001461,0.972307657521489,22.0590234741955,0,24,0.001,0.00047,10
0.001462,0.950248634047294,22.0563988046425,0,24,0.001,0.00047,10
0.001463,0.928192235242651,22.0537277594374,0,24,0.001,0.00047,10
0.001464,0.906138507483214,22.0510103540316,0,24,0.001,0.00047,10
0.001465,0.884087497129182,22.0482466039722,0,24,0.001,0.00047,10
0.001466,0.86203925052521,22.0454365249014,0,24,0.001,0.00047,10
0.001467,0.839993814000308,22.0425801325568,0,24,0.001,0.00047,10
0.001468,0.817951233867752,22.0396774427712,0,24,0.001,0.00047,10
0.001469,0.795911556424981,22.0367284714724,0,24,0.001,0.00047,10
0.00147,0.773874827953508,22.0337332346836,0,24,0.001,0.00047,10
0.001471,0.751841094718825,22.030691748523,0,24,0.001,0.00047,10
0.001472,0.729810402970302,22.0276040292035,0,24,0.001,0.00047,10
0.001473,0.707782798941098,22.0244700930334,0,24,0.001,0.00047,10
0.001474,0.685758328848065,22.0212899564156,0,24,0.001,0.00047,10
0.001475,0.663737038891649,22.018063635848,0,24,0.001,0.00047,10
0.001476,0.641718975255801,22.0147911479231,0,24,0.001,0.00047,10
0.001477,0.619704184107878,22.0114725093284,0,24,0.001,0.00047,10
0.001478,0.597692711598549,22.0081077368458,0,24,0.001,0.00047,10
0.001479,0.575684603861704,22.004696847352,0,24,0.001,0.00047,10
0.00148,0.553679907014352,22.0012398578182,0,24,0.001,0.00047,10
0.001481,0.531678667156533,21.9977367853102,0,24,0.001,0.00047,10
0.001482,0.509680930371223,21.9941876469881,0,24,0.001,0.00047,10
0.001483,0.487686742724235,21.9905924601065,0,24,0.001,0.00047,10
0.001484,0.465696150264129,21.9869512420144,0,24,0.001,0.00047,10
0.001485,0.443709199022114,21.983264010155,0,24,0.001,0.00047,10
0.001486,0.421725935011959,21.9795307820657,0,24,0.001,0.00047,10
0.001487,0.399746404229894,21.975751575378,0,24,0.001,0.00047,10
0.001488,0.377770652654516,21.9719264078178,0,24,0.001,0.00047,10
0.001489,0.355798726246698,21.9680552972047,0,24,0.001,0.00047,10
0.00149,0.333830670949493,21.9641382614527,0,24,0.001,0.00047,10
0.001491,0.31186653268804,21.9601753185693,0,24,0.001,0.00047,10
0.001492,0.289906357369471,21.9561664866562,0,24,0.001,0.00047,10
0.001493,0.267950190882815,21.9521117839087,0,24,0.001,0.00047,10
0.001494,0.245998079098906,21.9480112286161,0,24,0.001,0.00047,10
0.001495,0.22405006787029,21.9438648391613,0,24,0.001,0.00047,10
0.001496,0.202106203031129,21.9396726340208,0,24,0.001,0.00047,10
0.001497,0.180166530397108,21.9354346317647,0,24,0.001,0.00047,10
0.001498,0.158231095765343,21.9311508510567,0,24,0.001,0.00047,10
0.001499,0.136299944914287,21.9268213106538,0,24,0.001,0.00047,10
0.0015,0.114373123603633,21.9224460294067,0,24,0.001,0.00047,10
0.001501,0.0924506775742262,21.9180250262591,0,24,0.001,0.00047,10
0.001502,0.0705326525479671,21.9135583202484,0,24,0.001,0.00047,10
0.001503,0.0486190942277187,21.9090459305048,0,24,0.001,0.00047,10
0.001504,0.0267100482972138,21.904487876252,0,24,0.001,0.00047,10
0.001505,0.0048055604209618,21.8998841768066,0,24,0.001,0.00047,10
0.001506,-0.0170943237558448,21.8952348515784,0,24,0.001,0.00047,10
0.001507,-0.0389895586074232,21.8905399200701,0,24,0.001,0.00047,10
0.001508,-0.0608800985274933,21.8857994018773,0,24,0.001,0.00047,10
0.001509,-0.0827658979293706,21.8810133166885,0,24,0.001,0.00047,10
0.00151,-0.104646911246059,21.8761816842851,0,24,0.001,0.00047,10
0.001511,-0.126523092930344,21.8713045245412,0,24,0.001,0.00047,10
0.001512,-0.148394397454886,21.8663818574233,0,24,0.001,0.00047,10
0.001513,-0.170260779312309,21.861413702991,0,24,0.001,0.00047,10
0.001514,-0.1921221930153,21.8564000813961,0,24,0.001,0.00047,10
0.001515,-0.213978593096696,21.851341012883,0,24,0.001,0.00047,10
0.001516,-0.235829934109579,21.8462365177885,0,24,0.001,0.00047,10
0.001517,-0.257676170627367,21.841086616542,0,24,0.001,0.00047,10
0.001518,-0.279517257243909,21.8358913296648,0,24,0.001,0.00047,10
0.001519,-0.301353148573574,21.8306506777707,0,24,0.001,0.00047,10
0.00152,-0.323183799251345,21.8253646815657,0,24,0.001,0.00047,10
0.001521,-0.34500916393291,21.8200333618478,0,24,0.001,0.00047,10
0.001522,-0.366829197294758,21.8146567395071,0,24,0.001,0.00047,10
0.001523,-0.388643854034265,21.8092348355258,0,24,0.001,0.00047,10
0.001524,-0.410453088869791,21.8037676709777,0,24,0.001,0.00047,10
0.001525,-0.432256856540769,21.7982552670288,0,24,0.001,0.00047,10
0.001526,-0.454055111807798,21.7926976449368,0,24,0.001,0.00047,10
0.001527,-0.475847809452735,21.7870948260511,0,24,0.001,0.00047,10
0.001528,-0.497634904278786,21.7814468318127,0,24,0.001,0.00047,10
0.001529,-0.519416351110598,21.7757536837542,0,24,0.001,0.00047,10
0.00153,-0.541192104794353,21.7700154035,0,24,0.001,0.00047,10
0.001531,-0.562962120197853,21.7642320127657,0,24,0.001,0.00047,10
0.001532,-0.584726352210618,21.7584035333583,0,24,0.001,0.00047,10
0.001533,-0.606484755743976,21.7525299871763,0,24,0.001,0.00047,10
0.001534,-0.628237285731153,21.7466113962093,0,24,0.001,0.00047,10
0.001535,-0.649983897127362,21.7406477825384,0,24,0.001,0.00047,10
0.001536,-0.6717245449099,21.7346391683354,0,24,0.001,0.00047,10
0.001537,-0.693459184078236,21.7285855758636,0,24,0.001,0.00047,10
0.001538,-0.715187769654099,21.7224870274771,0,24,0.001,0.00047,10
0.001539,-0.736910256681577,21.7163435456209,0,24,0.001,0.00047,10
0.00154,-0.758626600227198,21.710155152831,0,24,0.001,0.00047,10
0.001541,-0.780336755380029,21.7039218717342,0,24,0.001,0.00047,10
0.001542,-0.802040677251763,21.6976437250479,0,24,0.001,0.00047,10
0.001543,-0.823738320976811,21.6913207355804,0,24,0.001,0.00047,10
0.001544,-0.845429641712391,21.6849529262303,0,24,0.001,0.00047,10
0.001545,-0.867114594638621,21.678540319987,0,24,0.001,0.00047,10
0.001546,-0.888793134958608,21.6720829399304,0,24,0.001,0.00047,10
0.001547,-0.910465217898539,21.6655808092305,0,24,0.001,0.00047,10
0.001548,-0.932130798707769,21.6590339511479,0,24,0.001,0.00047,10
0.001549,-0.953789832658917,21.6524423890333,0,24,0.001,0.00047,10
0.00155,-0.97544227504795,21.6458061463279,0,24,0.001,0.00047,10
0.001551,-0.997088081194278,21.6391252465626,0,24,0.001,0.00047,10
0.001552,-1.01872720644084,21.6323997133587,0,24,0.001,0.00047,10
0.001553,-1.0403596061542,21.6256295704272,0,24,0.001,0.00047,10
0.001554,-1.06198523572463,21.6188148415694,0,24,0.001,0.00047,10
0.001555,-1.0836040505662,21.611955550676,0,24,0.001,0.00047,10
0.001556,-1.10521600611687,21.6050517217278,0,24,0.001,0.00047,10
0.001557,-1.1268210578386,21.5981033787953,0,24,0.001,0.00047,10
0.001558,-1.1484191612174,21.5911105460385,0,24,0.001,0.00047,10
0.001559,-1.17001027176343,21.5840732477069,0,24,0.001,0.00047,10
0.00156,-1.19159434501114,21.5769915081398,0,24,0.001,0.00047,10
0.001561,-1.21317133651928,21.5698653517657,0,24,0.001,0.00047,10
0.001562,-1.23474120187105,21.5626948031026,0,24,0.001,0.00047,10
0.001563,-1.25630389667415,21.5554798867575,0,24,0.001,0.00047,10
0.001564,-1.27785937656091,21.548220627427,0,24,0.001,0.00047,10
0.001565,-1.29940759718833,21.5409170498965,0,24,0.001,0.00047,10
0.001566,-1.32094851423823,21.5335691790408,0,24,0.001,0.00047,10
0.001567,-1.34248208341727,21.5261770398235,0,24,0.001,0.00047,10
0.001568,-1.36400826045709,21.5187406572971,0,24,0.001,0.00047,10
0.001569,-1.38552700111439,21.5112600566031,0,24,0.001,0.00047,10
0.00157,-1.40703826117099,21.5037352629717,0,24,0.001,0.00047,10
0.001571,-1.42854199643397,21.4961663017217,0,24,0.001,0.00047,10
0.001572,-1.45003816273569,21.4885531982609,0,24,0.001,0.00047,10
0.001573,-1.47152671593395,21.4808959780852,0,24,0.001,0.00047,10
0.001574,-1.49300761191203,21.4731946667794,0,24,0.001,0.00047,10
0.001575,-1.51448080657881,21.4654492900164,0,24,0.001,0.00047,10
0.001576,-1.53594625586883,21.4576598735577,0,24,0.001,0.00047,10
0.001577,-1.55740391574239,21.449826443253,0,24,0.001,0.00047,10
0.001578,-1.57885374218564,21.4419490250401,0,24,0.001,0.00047,10
0.001579,-1.60029569121068,21.434027644945,0,24,0.001,0.00047,10
0.00158,-1.62172971885563,21.4260623290818,0,24,0.001,0.00047,10
0.001581,-1.64315578118471,21.4180531036525,0,24,0.001,0.00047,10
0.001582,-1.66457383428836,21.4099999949471,0,24,0.001,0.00047,10
0.001583,-1.68598383428331,21.4019030293433,0,24,0.001,0.00047,10
0.001584,-1.70738573731265,21.3937622333067,0,24,0.001,0.00047,10
0.001585,-1.72877949954596,21.3855776333904,0,24,0.001,0.00047,10
0.001586,-1.75016507717935,21.3773492562353,0,24,0.001,0.00047,10
0.001587,-1.77154242643558,21.3690771285698,0,24,0.001,0.00047,10
0.001588,-1.79291150356415,21.3607612772096,0,24,0.001,0.00047,10
0.001589,-1.81427226484136,21.3524017290579,0,24,0.001,0.00047,10
0.00159,-1.83562466657042,21.3439985111053,0,24,0.001,0.00047,10
0.001591,-1.85696866508152,21.3355516504294,0,24,0.001,0.00047,10
0.001592,-1.87830421673195,21.3270611741951,0,24,0.001,0.00047,10
0.001593,-1.89963127790615,21.3185271096543,0,24,0.001,0.00047,10
0.001594,-1.9209498050158,21.3099494841461,0,24,0.001,0.00047,10
0.001595,-1.94225975449995,21.3013283250962,0,24,0.001,0.00047,10
0.001596,-1.96356108282505,21.2926636600175,0,24,0.001,0.00047,10
0.001597,-1.98485374648506,21.2839555165093,0,24,0.001,0.00047,10
0.001598,-2.00613770200157,21.275203922258,0,24,0.001,0.00047,10
0.001599,-2.02741290592383,21.2664089050362,0,24,0.001,0.00047,10
0.0016,-2.04867931482887,21.2575704927034,0,24,0.001,0.00047,10
0.001601,-2.06993688532157,21.2486887132053,0,24,0.001,0.00047,10
0.001602,-2.09118557403478,21.2397635945742,0,24,0.001,0.00047,10
0.001603,-2.11242533762935,21.2307951649284,0,24,0.001,0.00047,10
0.001604,-2.13365613279428,21.2217834524728,0,24,0.001,0.00047,10
0.001605,-2.15487791624675,21.2127284854983,0,24,0.001,0.00047,10
0.001606,-2.17609064473225,21.2036302923817,0,24,0.001,0.00047,10
0.001607,-2.19729427502463,21.194488901586,0,24,0.001,0.00047,10
0.001608,-2.21848876392622,21.1853043416601,0,24,0.001,0.00047,10
0.001609,-2.23967406826788,21.1760766412386,0,24,0.001,0.00047,10
0.00161,-2.26085014490912,21.166805829042,0,24,0.001,0.00047,10
0.001611,-2.28201695073816,21.1574919338765,0,24,0.001,0.00047,10
0.001612,-2.30317444267203,21.1481349846337,0,24,0.001,0.00047,10
0.001613,-2.32432257765667,21.1387350102908,0,24,0.001,0.00047,10
0.001614,-2.34546131266696,21.1292920399106,0,24,0.001,0.00047,10
0.001615,-2.36659060470687,21.1198061026412,0,24,0.001,0.00047,10
0.001616,-2.38771041080951,21.1102772277157,0,24,0.001,0.00047,10
0.001617,-2.40882068803723,21.1007054444527,0,24,0.001,0.00047,10
0.001618,-2.42992139348168,21.091090782256,0,24,0.001,0.00047,10
0.001619,-2.45101248426394,21.081433270614,0,24,0.001,0.00047,10
0.00162,-2.47209391753455,21.0717329391006,0,24,0.001,0.00047,10
0.001621,-2.49316565047365,21.0619898173741,0,24,0.001,0.00047,10
0.001622,-2.51422764029102,21.0522039351779,0,24,0.001,0.00047,10
0.001623,-2.5352798442262,21.04237532234,0,24,0.001,0.00047,10
0.001624,-2.55632221954854,21.0325040087731,0,24,0.001,0.00047,10
0.001625,-2.57735472355732,21.0225900244743,0,24,0.001,0.00047,10
0.001626,-2.59837731358179,21.0126333995254,0,24,0.001,0.00047,10
0.001627,-2.61938994698132,21.0026341640923,0,24,0.001,0.00047,10
0.001628,-2.64039258114541,20.9925923484255,0,24,0.001,0.00047,10
0.001629,-2.66138517349383,20.9825079828596,0,24,0.001,0.00047,10
0.00163,-2.68236768147669,20.9723810978133,0,24,0.001,0.00047,10
0.001631,-2.70334006257451,20.9622117237893,0,24,0.001,0.00047,10
0.001632,-2.72430227429829,20.9519998913745,0,24,0.001,0.00047,10
0.001633,-2.74525427418967,20.9417456312395,0,24,0.001,0.00047,10
0.001634,-2.76619601982091,20.9314489741389,0,24,0.001,0.00047,10
0.001635,-2.78712746879505,20.9211099509107,0,24,0.001,0.00047,10
0.001636,-2.80804857874596,20.9107285924769,0,24,0.001,0.00047,10
0.001637,-2.82895930733843,20.9003049298429,0,24,0.001,0.00047,10
0.001638,-2.84985961226828,20.8898389940975,0,24,0.001,0.00047,10
0.001639,-2.87074945126238,20.8793308164131,0,24,0.001,0.00047,10
0.00164,-2.89162878207879,20.8687804280452,0,24,0.001,0.00047,10
0.001641,-2.91249756250683,20.8581878603327,0,24,0.001,0.00047,10
0.001642,-2.93335575036717,20.8475531446975,0,24,0.001,0.00047,10
0.001643,-2.95420330351186,20.8368763126447,0,24,0.001,0.00047,10
0.001644,-2.97504017982451,20.8261573957622,0,24,0.001,0.00047,10
0.001645,-2.99586633722027,20.8153964257209,0,24,0.001,0.00047,10
0.001646,-3.01668173364599,20.8045934342745,0,24,0.001,0.00047,10
0.001647,-3.03748632708027,20.7937484532595,0,24,0.001,0.00047,10
0.001648,-3.05828007553353,20.7828615145948,0,24,0.001,0.00047,10
0.001649,-3.07906293704812,20.771932650282,0,24,0.001,0.00047,10
0.00165,-3.0998348696984,20.7609618924053,0,24,0.001,0.00047,10
0.001651,-3.12059583159081,20.7499492731309,0,24,0.001,0.00047,10
0.001652,-3.14134578086394,20.7388948247077,0,24,0.001,0.00047,10
0.001653,-3.16208467568865,20.7277985794666,0,24,0.001,0.00047,10
0.001654,-3.18281247426811,20.7166605698206,0,24,0.001,0.00047,10
0.001655,-3.20352913483793,20.7054808282647,0,24,0.001,0.00047,10
0.001656,-3.2242346156662,20.6942593873761,0,24,0.001,0.00047,10
0.001657,-3.24492887505358,20.6829962798135,0,24,0.001,0.00047,10
0.001658,-3.26561187133339,20.6716915383177,0,24,0.001,0.00047,10
0.001659,-3.28628356287171,20.6603451957109,0,24,0.001,0.00047,10
0.00166,-3.30694390806742,20.6489572848972,0,24,0.001,0.00047,10
0.001661,-3.32759286535232,20.637527838862,0,24,0.001,0.00047,10
0.001662,-3.34823039319118,20.6260568906721,0,24,0.001,0.00047,10
0.001663,-3.36885645008185,20.6145444734758,0,24,0.001,0.00047,10
0.001664,-3.38947099455533,20.6029906205026,0,24,0.001,0.00047,10
0.001665,-3.41007398517583,20.591395365063,0,24,0.001,0.00047,10
0.001666,-3.43066538054089,20.5797587405488,0,24,0.001,0.00047,10
0.001667,-3.45124513928144,20.5680807804326,0,24,0.001,0.00047,10
0.001668,-3.47181322006187,20.5563615182681,0,24,0.001,0.00047,10
0.001669,-3.49236958158014,20.5446009876896,0,24,0.001,0.00047,10
0.00167,-3.51291418256783,20.5327992224123,0,24,0.001,0.00047,10
0.001671,-3.53344698179024,20.5209562562318,0,24,0.001,0.00047,10
0.001672,-3.55396793804647,20.5090721230246,0,24,0.001,0.00047,10
0.001673,-3.5744770101695,20.4971468567472,0,24,0.001,0.00047,10
0.001674,-3.59497415702625,20.4851804914369,0,24,0.001,0.00047,10
0.001675,-3.61545933751768,20.473173061211,0,24,0.001,0.00047,10
0.001676,-3.63593251057889,20.4611246002671,0,24,0.001,0.00047,10
0.001677,-3.65639363517916,20.4490351428828,0,24,0.001,0.00047,10
0.001678,-3.67684267032204,20.4369047234159,0,24,0.001,0.00047,10
0.001679,-3.69727957504546,20.4247333763038,0,24,0.001,0.00047,10
0.00168,-3.71770430842176,20.4125211360641,0,24,0.001,0.00047,10
0.001681,-3.73811682955783,20.4002680372938,0,24,0.001,0.00047,10
0.001682,-3.75851709759512,20.3879741146698,0,24,0.001,0.00047,10
0.001683,-3.77890507170979,20.3756394029484,0,24,0.001,0.00047,10
0.001684,-3.79928071111274,20.3632639369654,0,24,0.001,0.00047,10
0.001685,-3.81964397504971,20.350847751636,0,24,0.001,0.00047,10
0.001686,-3.83999482280134,20.3383908819547,0,24,0.001,0.00047,10
0.001687,-3.8603332136833,20.3258933629952,0,24,0.001,0.00047,10
0.001688,-3.88065910704629,20.3133552299101,0,24,0.001,0.00047,10
0.001689,-3.9009724622762,20.3007765179313,0,24,0.001,0.00047,10
0.00169,-3.92127323879413,20.2881572623694,0,24,0.001,0.00047,10
0.001691,-3.9415613960565,20.2754974986141,0,24,0.001,0.00047,10
0.001692,-3.96183689355512,20.2627972621334,0,24,0.001,0.00047,10
0.001693,-3.98209969081725,20.2500565884743,0,24,0.001,0.00047,10
0.001694,-4.00234974740572,20.2372755132623,0,24,0.001,0.00047,10
0.001695,-4.02258702291899,20.2244540722011,0,24,0.001,0.00047,10
0.001696,-4.04281147699119,20.2115923010732,0,24,0.001,0.00047,10
0.001697,-4.06302306929226,20.1986902357389,0,24,0.001,0.00047,10
0.001698,-4.083221759528,20.1857479121371,0,24,0.001,0.00047,10
0.001699,-4.10340750744014,20.1727653662844,0,24,0.001,0.00047,10
0.0017,-4.12358027280642,20.1597426342758,0,24,0.001,0.00047,10
0.001701,-4.1437400154407,20.1466797522838,0,24,0.001,0.00047,10
0.001702,-4.16388669519298,20.133576756559,0,24,0.001,0.00047,10
0.001703,-4.18402027194954,20.1204336834295,0,24,0.001,0.00047,10
0.001704,-4.20414070563297,20.1072505693012,0,24,0.001,0.00047,10
0.001705,-4.22424795620227,20.0940274506575,0,24,0.001,0.00047,10
0.001706,-4.24434198365293,20.080764364059,0,24,0.001,0.00047,10
0.001707,-4.26442274801699,20.067461346144,0,24,0.001,0.00047,10
0.001708,-4.28449020936313,20.0541184336278,0,24,0.001,0.00047,10
0.001709,-4.30454432779676,20.0407356633028,0,24,0.001,0.00047,10
0.00171,-4.32458506346006,20.0273130720387,0,24,0.001,0.00047,10
0.001711,-4.3446123765321,20.013850696782,0,24,0.001,0.00047,10
0.001712,-4.36462622722888,20.000348574556,0,24,0.001,0.00047,10
0.001713,-4.38462657580344,19.9868067424609,0,24,0.001,0.00047,10
0.001714,-4.4046133825459,19.9732252376736,0,24,0.001,0.00047,10
0.001715,-4.42458660778357,19.9596040974474,0,24,0.001,0.00047,10
0.001716,-4.44454621188102,19.9459433591122,0,24,0.001,0.00047,10
0.001717,-4.46449215524013,19.9322430600744,0,24,0.001,0.00047,10
0.001718,-4.4844243983002,19.9185032378164,0,24,0.001,0.00047,10
0.001719,-4.50434290153802,19.9047239298971,0,24,0.001,0.00047,10
0.00172,-4.52424762546792,19.8909051739513,0,24,0.001,0.00047,10
0.001721,-4.54413853064187,19.8770470076899,0,24,0.001,0.00047,10
0.001722,-4.56401557764956,19.8631494688996,0,24,0.001,0.00047,10
0.001723,-4.58387872711846,19.8492125954432,0,24,0.001,0.00047,10
0.001724,-4.6037279397139,19.8352364252588,0,24,0.001,0.00047,10
0.001725,-4.62356317613916,19.8212209963604,0,24,0.001,0.00047,10
0.001726,-4.64338439713552,19.8071663468375,0,24,0.001,0.00047,10
0.001727,-4.66319156348236,19.7930725148549,0,24,0.001,0.00047,10
0.001728,-4.68298463599721,19.7789395386528,0,24,0.001,0.00047,10
0.001729,-4.70276357553586,19.7647674565467,0,24,0.001,0.00047,10
0.00173,-4.72252834299241,19.7505563069272,0,24,0.001,0.00047,10
0.001731,-4.74227889929934,19.7363061282598,0,24,0.001,0.00047,10
0.001732,-4.7620152054276,19.722016959085,0,24,0.001,0.00047,10
0.001733,-4.78173722238668,19.7076888380183,0,24,0.001,0.00047,10
0.001734,-4.8014449112247,19.6933218037499,0,24,0.001,0.00047,10
0.001735,-4.82113823302845,19.6789158950443,0,24,0.001,0.00047,10
0.001736,-4.84081714892349,19.6644711507411,0,24,0.001,0.00047,10
0.001737,-4.86048162007424,19.6499876097538,0,24,0.001,0.00047,10
0.001738,-4.88013160768399,19.6354653110708,0,24,0.001,0.00047,10
0.001739,-4.89976707299506,19.6209042937542,0,24,0.001,0.00047,10
0.00174,-4.91938797728881,19.6063045969406,0,24,0.001,0.00047,10
0.001741,-4.93899428188576,19.5916662598407,0,24,0.001,0.00047,10
0.001742,-4.9585859481456,19.5769893217388,0,24,0.001,0.00047,10
0.001743,-4.97816293746734,19.5622738219935,0,24,0.001,0.00047,10
0.001744,-4.99772521128933,19.5475198000367,0,24,0.001,0.00047,10
0.001745,-5.01727273108937,19.5327272953744,0,24,0.001,0.00047,10
0.001746,-5.03680545838474,19.5178963475858,0,24,0.001,0.00047,10
0.001747,-5.05632335473233,19.5030269963238,0,24,0.001,0.00047,10
0.001748,-5.07582638172865,19.4881192813145,0,24,0.001,0.00047,10
0.001749,-5.09531450100996,19.4731732423574,0,24,0.001,0.00047,10
0.00175,-5.11478767425232,19.4581889193249,0,24,0.001,0.00047,10
0.001751,-5.13424586317165,19.4431663521628,0,24,0.001,0.00047,10
0.001752,-5.15368902952381,19.4281055808897,0,24,0.001,0.00047,10
0.001753,-5.1731171351047,19.4130066455969,0,24,0.001,0.00047,10
0.001754,-5.19253014175029,19.3978695864487,0,24,0.001,0.00047,10
0.001755,-5.21192801133674,19.3826944436819,0,24,0.001,0.00047,10
0.001756,-5.23131070578042,19.3674812576059,0,24,0.001,0.00047,10
0.001757,-5.25067818703803,19.3522300686026,0,24,0.001,0.00047,10
0.001758,-5.27003041710663,19.3369409171262,0,24,0.001,0.00047,10
0.001759,-5.28936735802376,19.3216138437032,0,24,0.001,0.00047,10
0.00176,-5.30868897186746,19.3062488889322,0,24,0.001,0.00047,10
0.001761,-5.3279952207564,19.2908460934837,0,24,0.001,0.00047,10
0.001762,-5.34728606684988,19.2754054981005,0,24,0.001,0.00047,10
0.001763,-5.36656147234798,19.259927143597,0,24,0.001,0.00047,10
0.001764,-5.38582139949158,19.2444110708593,0,24,0.001,0.00047,10
0.001765,-5.40506581056244,19.2288573208453,0,24,0.001,0.00047,10
0.001766,-5.42429466788328,19.2132659345844,0,24,0.001,0.00047,10
0.001767,-5.44350793381787,19.1976369531773,0,24,0.001,0.00047,10
0.001768,-5.46270557077104,19.1819704177961,0,24,0.001,0.00047,10
0.001769,-5.48188754118884,19.1662663696843,0,24,0.001,0.00047,10
0.00177,-5.50105380755852,19.1505248501563,0,24,0.001,0.00047,10
0.001771,-5.52020433240868,19.1347459005977,0,24,0.001,0.00047,10
0.001772,-5.53933907830928,19.1189295624647,0,24,0.001,0.00047,10
0.001773,-5.55845800787174,19.1030758772848,0,24,0.001,0.00047,10
0.001774,-5.57756108374903,19.0871848866559,0,24,0.001,0.00047,10
0.001775,-5.59664826863568,19.0712566322465,0,24,0.001,0.00047,10
0.001776,-5.61571952526793,19.0552911557957,0,24,0.001,0.00047,10
0.001777,-5.63477481642373,19.0392884991131,0,24,0.001,0.00047,10
0.001778,-5.65381410492284,19.0232487040783,0,24,0.001,0.00047,10
0.001779,-5.67283735362692,19.0071718126415,0,24,0.001,0.00047,10
0.00178,-5.69184452543956,18.9910578668225,0,24,0.001,0.00047,10
0.001781,-5.71083558330638,18.9749069087116,0,24,0.001,0.00047,10
0.001782,-5.72981049021509,18.9587189804687,0,24,0.001,0.00047,10
0.001783,-5.74876920919556,18.9424941243235,0,24,0.001,0.00047,10
0.001784,-5.76771170331989,18.9262323825753,0,24,0.001,0.00047,10
0.001785,-5.78663793570246,18.9099337975933,0,24,0.001,0.00047,10
0.001786,-5.80554786950005,18.8935984118157,0,24,0.001,0.00047,10
0.001787,-5.82444146791187,18.8772262677504,0,24,0.001,0.00047,10
0.001788,-5.84331869417962,18.8608174079745,0,24,0.001,0.00047,10
0.001789,-5.86217951158759,18.8443718751341,0,24,0.001,0.00047,10
0.00179,-5.88102388346273,18.8278897119445,0,24,0.001,0.00047,10
0.001791,-5.89985177317467,18.8113709611899,0,24,0.001,0.00047,10
0.001792,-5.91866314413586,18.7948156657233,0,24,0.001,0.00047,10
0.001793,-5.93745795980159,18.7782238684665,0,24,0.001,0.00047,10
0.001794,-5.95623618367005,18.7615956124098,0,24,0.001,0.00047,10
0.001795,-5.97499777928246,18.7449309406121,0,24,0.001,0.00047,10
0.001796,-5.99374271022307,18.7282298962008,0,24,0.001,0.00047,10
0.001797,-6.01247094011928,18.7114925223713,0,24,0.001,0.00047,10
0.001798,-6.03118243264165,18.6947188623876,0,24,0.001,0.00047,10
0.001799,-6.04987715150403,18.6779089595814,0,24,0.001,0.00047,10
0.0018,-6.06855506046362,18.6610628573528,0,24,0.001,0.00047,10
0.001801,-6.08721612332097,18.6441805991694,0,24,0.001,0.00047,10
0.001802,-6.10586030392014,18.6272622285668,0,24,0.001,0.00047,10
0.001803,-6.1244875661487,18.6103077891481,0,24,0.001,0.00047,10
0.001804,-6.14309787393785,18.5933173245841,0,24,0.001,0.00047,10
0.001805,-6.16169119126244,18.5762908786131,0,24,0.001,0.00047,10
0.001806,-6.18026748214105,18.5592284950405,0,24,0.001,0.00047,10
0.001807,-6.19882671063609,18.5421302177391,0,24,0.001,0.00047,10
0.001808,-6.21736884085383,18.5249960906489,0,24,0.001,0.00047,10
0.001809,-6.23589383694448,18.5078261577767,0,24,0.001,0.00047,10
0.00181,-6.25440166310225,18.4906204631964,0,24,0.001,0.00047,10
0.001811,-6.27289228356545,18.4733790510487,0,24,0.001,0.00047,10
0.001812,-6.2913656626165,18.4561019655409,0,24,0.001,0.00047,10
0.001813,-6.30982176458204,18.4387892509469,0,24,0.001,0.00047,10
0.001814,-6.32826055383299,18.4214409516072,0,24,0.001,0.00047,10
0.001815,-6.34668199478459,18.4040571119285,0,24,0.001,0.00047,10
0.001816,-6.36508605189652,18.3866377763839,0,24,0.001,0.00047,10
0.001817,-6.38347268967291,18.3691829895125,0,24,0.001,0.00047,10
0.001818,-6.40184187266242,18.3516927959197,0,24,0.001,0.00047,10
0.001819,-6.42019356545834,18.3341672402766,0,24,0.001,0.00047,10
0.00182,-6.43852773269862,18.3166063673202,0,24,0.001,0.00047,10
0.001821,-6.45684433906594,18.2990102218534,0,24,0.001,0.00047,10
0.001822,-6.47514334928779,18.2813788487443,0,24,0.001,0.00047,10
0.001823,-6.49342472813653,18.263712292927,0,24,0.001,0.00047,10
0.001824,-6.51168844042946,18.2460105994005,0,24,0.001,0.00047,10
0.001825,-6.52993445102886,18.2282738132295,0,24,0.001,0.00047,10
0.001826,-6.54816272484209,18.2105019795437,0,24,0.001,0.00047,10
0.001827,-6.56637322682163,18.1926951435377,0,24,0.001,0.00047,10
0.001828,-6.58456592196517,18.1748533504714,0,24,0.001,0.00047,10
0.001829,-6.60274077531564,18.1569766456692,0,24,0.001,0.00047,10
0.00183,-6.62089775196131,18.1390650745205,0,24,0.001,0.00047,10
0.001831,-6.63903681703583,18.1211186824792,0,24,0.001,0.00047,10
0.001832,-6.65715793571831,18.1031375150637,0,24,0.001,0.00047,10
0.001833,-6.67526107323338,18.0851216178569,0,24,0.001,0.00047,10
0.001834,-6.69334619485123,18.0670710365058,0,24,0.001,0.00047,10
0.001835,-6.71141326588774,18.0489858167217,0,24,0.001,0.00047,10
0.001836,-6.72946225170446,18.0308660042801,0,24,0.001,0.00047,10
0.001837,-6.74749311770874,18.0127116450202,0,24,0.001,0.00047,10
0.001838,-6.76550582935376,17.9945227848453,0,24,0.001,0.00047,10
0.001839,-6.78350035213861,17.9762994697223,0,24,0.001,0.00047,10
0.00184,-6.80147665160833,17.9580417456816,0,24,0.001,0.00047,10
0.001841,-6.81943469335401,17.9397496588174,0,24,0.001,0.00047,10
0.001842,-6.83737444301283,17.9214232552871,0,24,0.001,0.00047,10
0.001843,-6.85529586626811,17.9030625813115,0,24,0.001,0.00047,10
0.001844,-6.87319892884943,17.8846676831745,0,24,0.001,0.00047,10
0.001845,-6.8910835965326,17.866238607223,0,24,0.001,0.00047,10
0.001846,-6.90894983513982,17.8477753998672,0,24,0.001,0.00047,10
0.001847,-6.92679761053969,17.8292781075797,0,24,0.001,0.00047,10
0.001848,-6.94462688864727,17.8107467768961,0,24,0.001,0.00047,10
0.001849,-6.96243763542417,17.7921814544145,0,24,0.001,0.00047,10
0.00185,-6.98022981687858,17.7735821867956,0,24,0.001,0.00047,10
0.001851,-6.99800339906538,17.7549490207625,0,24,0.001,0.00047,10
0.001852,-7.01575834808614,17.7362820031005,0,24,0.001,0.00047,10
0.001853,-7.03349463008924,17.7175811806571,0,24,0.001,0.00047,10
0.001854,-7.0512122112699,17.6988466003419,0,24,0.001,0.00047,10
0.001855,-7.06891105787024,17.6800783091264,0,24,0.001,0.00047,10
0.001856,-7.08659113617936,17.6612763540439,0,24,0.001,0.00047,10
0.001857,-7.10425241253341,17.6424407821894,0,24,0.001,0.00047,10
0.001858,-7.1218948533156,17.6235716407197,0,24,0.001,0.00047,10
0.001859,-7.13951842495632,17.604668976853,0,24,0.001,0.00047,10
0.00186,-7.15712309393317,17.5857328378686,0,24,0.001,0.00047,10
0.001861,-7.17470882677104,17.5667632711075,0,24,0.001,0.00047,10
0.001862,-7.19227559004215,17.5477603239716,0,24,0.001,0.00047,10
0.001863,-7.20982335036612,17.5287240439238,0,24,0.001,0.00047,10
0.001864,-7.22735207441004,17.5096544784882,0,24,0.001,0.00047,10
0.001865,-7.24486172888853,17.4905516752493,0,24,0.001,0.00047,10
0.001866,-7.26235228056378,17.4714156818527,0,24,0.001,0.00047,10
0.001867,-7.27982369624563,17.4522465460043,0,24,0.001,0.00047,10
0.001868,-7.29727594279164,17.4330443154706,0,24,0.001,0.00047,10
0.001869,-7.31470898710711,17.4138090380784,0,24,0.001,0.00047,10
0.00187,-7.33212279614519,17.3945407617147,0,24,0.001,0.00047,10
0.001871,-7.3495173369069,17.3752395343268,0,24,0.001,0.00047,10
0.001872,-7.36689257644123,17.3559054039219,0,24,0.001,0.00047,10
0.001873,-7.38424848184515,17.3365384185669,0,24,0.001,0.00047,10
0.001874,-7.40158502026372,17.3171386263888,0,24,0.001,0.00047,10
0.001875,-7.41890215889011,17.2977060755741,0,24,0.001,0.00047,10
0.001876,-7.43619986496568,17.2782408143689,0,24,0.001,0.00047,10
0.001877,-7.45347810578005,17.2587428910787,0,24,0.001,0.00047,10
0.001878,-7.47073684867113,17.2392123540683,0,24,0.001,0.00047,10
0.001879,-7.4879760610252,17.2196492517617,0,24,0.001,0.00047,10
0.00188,-7.50519571027696,17.2000536326422,0,24,0.001,0.00047,10
0.001881,-7.5223957639096,17.1804255452517,0,24,0.001,0.00047,10
0.001882,-7.53957618945485,17.1607650381912,0,24,0.001,0.00047,10
0.001883,-7.55673695449304,17.1410721601204,0,24,0.001,0.00047,10
0.001884,-7.57387802665316,17.1213469597576,0,24,0.001,0.00047,10
0.001885,-7.59099937361292,17.1015894858796,0,24,0.001,0.00047,10
0.001886,-7.6081009630988,17.0817997873218,0,24,0.001,0.00047,10
0.001887,-7.62518276288612,17.0619779129774,0,24,0.001,0.00047,10
0.001888,-7.6422447407991,17.0421239117983,0,24,0.001,0.00047,10
0.001889,-7.6592868647109,17.0222378327941,0,24,0.001,0.00047,10
0.00189,-7.67630910254369,17.0023197250324,0,24,0.001,0.00047,10
0.001891,-7.69331142226872,16.9823696376387,0,24,0.001,0.00047,10
0.001892,-7.71029379190636,16.9623876197961,0,24,0.001,0.00047,10
0.001893,-7.72725617952616,16.9423737207453,0,24,0.001,0.00047,10
0.001894,-7.7441985532469,16.9223279897844,0,24,0.001,0.00047,10
0.001895,-7.76112088123669,16.9022504762691,0,24,0.001,0.00047,10
0.001896,-7.77802313171296,16.8821412296119,0,24,0.001,0.00047,10
0.001897,-7.79490527294257,16.8620002992828,0,24,0.001,0.00047,10
0.001898,-7.81176727324185,16.8418277348086,0,24,0.001,0.00047,10
0.001899,-7.82860910097666,16.821623585773,0,24,0.001,0.00047,10
0.0019,-7.84543072456243,16.8013879018165,0,24,0.001,0.00047,10
0.001901,-7.86223211246425,16.7811207326362,0,24,0.001,0.00047,10
0.001902,-7.87901323319689,16.7608221279857,0,24,0.001,0.00047,10
0.001903,-7.89577405532487,16.7404921376751,0,24,0.001,0.00047,10
0.001904,-7.91251454746255,16.7201308115707,0,24,0.001,0.00047,10
0.001905,-7.92923467827412,16.6997381995949,0,24,0.001,0.00047,10
0.001906,-7.94593441647371,16.6793143517263,0,24,0.001,0.00047,10
0.001907,-7.96261373082544,16.6588593179994,0,24,0.001,0.00047,10
0.001908,-7.97927259014344,16.6383731485044,0,24,0.001,0.00047,10
0.001909,-7.99591096329194,16.6178558933874,0,24,0.001,0.00047,10
0.00191,-8.01252881918533,16.5973076028499,0,24,0.001,0.00047,10
0.001911,-8.02912612678818,16.5767283271489,0,24,0.001,0.00047,10
0.001912,-8.04570285511533,16.5561181165968,0,24,0.001,0.00047,10
0.001913,-8.06225897323193,16.5354770215611,0,24,0.001,0.00047,10
0.001914,-8.07879445025349,16.5148050924645,0,24,0.001,0.00047,10
0.001915,-8.09530925534595,16.4941023797847,0,24,0.001,0.00047,10
0.001916,-8.11180335772574,16.4733689340543,0,24,0.001,0.00047,10
0.001917,-8.12827672665979,16.4526048058604,0,24,0.001,0.00047,10
0.001918,-8.14472933146565,16.4318100458449,0,24,0.001,0.00047,10
0.001919,-8.1611611415115,16.4109847047044,0,24,0.001,0.00047,10
0.00192,-8.1775721262162,16.3901288331896,0,24,0.001,0.00047,10
0.001921,-8.19396225504939,16.3692424821054,0,24,0.001,0.00047,10
0.001922,-8.21033149753149,16.3483257023113,0,24,0.001,0.00047,10
0.001923,-8.22667982323381,16.3273785447203,0,24,0.001,0.00047,10
0.001924,-8.24300720177852,16.3064010602996,0,24,0.001,0.00047,10
0.001925,-8.25931360283882,16.2853933000702,0,24,0.001,0.00047,10
0.001926,-8.27559899613889,16.2643553151067,0,24,0.001,0.00047,10
0.001927,-8.291863351454,16.2432871565373,0,24,0.001,0.00047,10
0.001928,-8.30810663861054,16.2221888755434,0,24,0.001,0.00047,10
0.001929,-8.32432882748608,16.2010605233601,0,24,0.001,0.00047,10
0.00193,-8.34052988800944,16.1799021512754,0,24,0.001,0.00047,10
0.001931,-8.35670979016072,16.1587138106304,0,24,0.001,0.00047,10
0.001932,-8.37286850397135,16.1374955528193,0,24,0.001,0.00047,10
0.001933,-8.38900599952417,16.116247429289,0,24,0.001,0.00047,10
0.001934,-8.40512224695346,16.0949694915391,0,24,0.001,0.00047,10
0.001935,-8.421217216445,16.0736617911218,0,24,0.001,0.00047,10
0.001936,-8.43729087823612,16.0523243796419,0,24,0.001,0.00047,10
0.001937,-8.45334320261576,16.0309573087564,0,24,0.001,0.00047,10
0.001938,-8.46937415992451,16.0095606301745,0,24,0.001,0.00047,10
0.001939,-8.48538372055469,15.9881343956576,0,24,0.001,0.00047,10
0.00194,-8.50137185495035,15.966678657019,0,24,0.001,0.00047,10
0.001941,-8.51733853360737,15.945193466124,0,24,0.001,0.00047,10
0.001942,-8.53328372707349,15.9236788748895,0,24,0.001,0.00047,10
0.001943,-8.54920740594838,15.9021349352841,0,24,0.001,0.00047,10
0.001944,-8.56510954088366,15.8805616993277,0,24,0.001,0.00047,10
0.001945,-8.58099010258299,15.8589592190919,0,24,0.001,0.00047,10
0.001946,-8.59684906180208,15.8373275466994,0,24,0.001,0.00047,10
0.001947,-8.61268638934878,15.8156667343239,0,24,0.001,0.00047,10
0.001948,-8.62850205608311,15.7939768341904,0,24,0.001,0.00047,10
0.001949,-8.6442960329173,15.7722578985744,0,24,0.001,0.00047,10
0.00195,-8.66006829081587,15.7505099798025,0,24,0.001,0.00047,10
0.001951,-8.67581880079567,15.7287331302519,0,24,0.001,0.00047,10
0.001952,-8.69154753392593,15.7069274023502,0,24,0.001,0.00047,10
0.001953,-8.70725446132828,15.6850928485753,0,24,0.001,0.00047,10
0.001954,-8.72293955417685,15.6632295214558,0,24,0.001,0.00047,10
0.001955,-8.73860278369831,15.64133747357,0,24,0.001,0.00047,10
0.001956,-8.75424412117188,15.6194167575465,0,24,0.001,0.00047,10
0.001957,-8.76986353792942,15.5974674260637,0,24,0.001,0.00047,10
0.001958,-8.78546100535549,15.5754895318498,0,24,0.001,0.00047,10
0.001959,-8.80103649488734,15.5534831276826,0,24,0.001,0.00047,10
0.00196,-8.81658997801502,15.5314482663898,0,24,0.001,0.00047,10
0.001961,-8.83212142628141,15.5093850008479,0,24,0.001,0.00047,10
0.001962,-8.84763081128226,15.4872933839833,0,24,0.001,0.00047,10
0.001963,-8.86311810466624,15.4651734687713,0,24,0.001,0.00047,10
0.001964,-8.87858327813501,15.4430253082361,0,24,0.001,0.00047,10
0.001965,-8.89402630344325,15.420848955451,0,24,0.001,0.00047,10
0.001966,-8.9094471523987,15.3986444635383,0,24,0.001,0.00047,10
0.001967,-8.92484579686224,15.3764118856686,0,24,0.001,0.00047,10
0.001968,-8.94022220874791,15.3541512750613,0,24,0.001,0.00047,10
0.001969,-8.95557636002297,15.3318626849842,0,24,0.001,0.00047,10
0.00197,-8.97090822270795,15.3095461687533,0,24,0.001,0.00047,10
0.001971,-8.98621776887671,15.2872017797329,0,24,0.001,0.00047,10
0.001972,-9.00150497065644,15.2648295713353,0,24,0.001,0.00047,10
0.001973,-9.01676980022777,15.2424295970209,0,24,0.001,0.00047,10
0.001974,-9.0320122298248,15.2200019102976,0,24,0.001,0.00047,10
0.001975,-9.04723223173509,15.1975465647213,0,24,0.001,0.00047,10
0.001976,-9.06242977829981,15.1750636138954,0,24,0.001,0.00047,10
0.001977,-9.07760484191371,15.1525531114705,0,24,0.001,0.00047,10
0.001978,-9.09275739502518,15.1300151111448,0,24,0.001,0.00047,10
0.001979,-9.10788741013632,15.1074496666637,0,24,0.001,0.00047,10
0.00198,-9.12299485980299,15.0848568318194,0,24,0.001,0.00047,10
0.001981,-9.13807971663481,15.0622366604514,0,24,0.001,0.00047,10
0.001982,-9.15314195329526,15.0395892064457,0,24,0.001,0.00047,10
0.001983,-9.1681815425017,15.0169145237352,0,24,0.001,0.00047,10
0.001984,-9.18319845702544,14.9942126662993,0,24,0.001,0.00047,10
0.001985,-9.19819266969174,14.9714836881638,0,24,0.001,0.00047,10
0.001986,-9.2131641533799,14.948727643401,0,24,0.001,0.00047,10
0.001987,-9.2281128810233,14.9259445861293,0,24,0.001,0.00047,10
0.001988,-9.24303882560943,14.9031345705131,0,24,0.001,0.00047,10
0.001989,-9.25794196017995,14.8802976507627,0,24,0.001,0.00047,10
0.00199,-9.27282225783071,14.8574338811345,0,24,0.001,0.00047,10
0.001991,-9.28767969171184,14.8345433159304,0,24,0.001,0.00047,10
0.001992,-9.30251423502777,14.8116260094978,0,24,0.001,0.00047,10
0.001993,-9.31732586103727,14.7886820162298,0,24,0.001,0.00047,10
0.001994,-9.3321145430535,14.7657113905645,0,24,0.001,0.00047,10
0.001995,-9.34688025444407,14.7427141869856,0,24,0.001,0.00047,10
0.001996,-9.36162296863105,14.7196904600214,0,24,0.001,0.00047,10
0.001997,-9.37634265909107,14.6966402642456,0,24,0.001,0.00047,10
0.001998,-9.39103929935532,14.6735636542764,0,24,0.001,0.00047,10
0.001999,-9.4057128630096,14.6504606847769,0,24,0.001,0.00047,10
